/*******************************************************************************
 * Size: 32 px
 * Bpp: 4
 * Opts: --font C:\Windows\Fonts\arialbd.ttf -r 0x20-0x7E -r 0xB0 --font C:\Windows\Fonts\simhei.ttf -r 0x2103 --size 32 --bpp 4 --format lvgl --no-compress --lv-include lvgl.h --lv-font-name font_num_32 -o main\font_num_32.c --force-fast-kern-format
 ******************************************************************************/

#ifdef LV_LVGL_H_INCLUDE_SIMPLE
#include "lvgl.h"
#else
#include "lvgl.h"
#endif

#ifndef FONT_NUM_32
#define FONT_NUM_32 1
#endif

#if FONT_NUM_32

/*-----------------
 *    位图数据
 *----------------*/

/*存储字形位图数据*/
static LV_ATTRIBUTE_LARGE_CONST const uint8_t glyph_bitmap[] = {
    /* U+0020 " " */

    /* U+0021 "!" */
    0x2f, 0xff, 0xfa, 0x2f, 0xff, 0xfa, 0x2f, 0xff,
    0xfa, 0x2f, 0xff, 0xfa, 0x2f, 0xff, 0xfa, 0x1f,
    0xff, 0xf9, 0xf, 0xff, 0xf8, 0xe, 0xff, 0xf6,
    0xd, 0xff, 0xf5, 0xb, 0xff, 0xf3, 0xa, 0xff,
    0xf2, 0x8, 0xff, 0xf0, 0x6, 0xff, 0xe0, 0x5,
    0xff, 0xd0, 0x3, 0xff, 0xb0, 0x2, 0xff, 0xa0,
    0x0, 0xff, 0x80, 0x0, 0x0, 0x0, 0x6, 0x66,
    0x62, 0xf, 0xff, 0xf7, 0xf, 0xff, 0xf7, 0xf,
    0xff, 0xf7, 0xf, 0xff, 0xf7,

    /* U+0022 "\"" */
    0x4f, 0xff, 0xf8, 0x3, 0xff, 0xff, 0x94, 0xff,
    0xff, 0x80, 0x3f, 0xff, 0xf9, 0x4f, 0xff, 0xf8,
    0x3, 0xff, 0xff, 0x93, 0xff, 0xff, 0x80, 0x3f,
    0xff, 0xf9, 0x2f, 0xff, 0xf6, 0x1, 0xff, 0xff,
    0x70, 0xef, 0xff, 0x40, 0xe, 0xff, 0xf4, 0xb,
    0xff, 0xf1, 0x0, 0xbf, 0xff, 0x20, 0x8f, 0xfe,
    0x0, 0x8, 0xff, 0xf0, 0x1, 0x22, 0x20, 0x0,
    0x2, 0x22, 0x0,

    /* U+0023 "#" */
    0x0, 0x0, 0x2, 0xff, 0xf5, 0x0, 0x3f, 0xff,
    0x60, 0x0, 0x0, 0x5, 0xff, 0xf2, 0x0, 0x7f,
    0xff, 0x20, 0x0, 0x0, 0x9, 0xff, 0xe0, 0x0,
    0xaf, 0xff, 0x0, 0x0, 0x0, 0xc, 0xff, 0xb0,
    0x0, 0xdf, 0xfb, 0x0, 0x0, 0x0, 0xf, 0xff,
    0x70, 0x1, 0xff, 0xf8, 0x0, 0x57, 0x77, 0x9f,
    0xff, 0x97, 0x79, 0xff, 0xfa, 0x73, 0xbf, 0xff,
    0xff, 0xff, 0xff, 0xff, 0xff, 0xff, 0xf6, 0xbf,
    0xff, 0xff, 0xff, 0xff, 0xff, 0xff, 0xff, 0xf6,
    0xbf, 0xff, 0xff, 0xff, 0xff, 0xff, 0xff, 0xff,
    0xf6, 0x0, 0x1, 0xff, 0xf7, 0x0, 0x1f, 0xff,
    0x70, 0x0, 0x0, 0x4, 0xff, 0xf3, 0x0, 0x4f,
    0xff, 0x40, 0x0, 0x0, 0x7, 0xff, 0xf0, 0x0,
    0x7f, 0xff, 0x0, 0x0, 0x0, 0xb, 0xff, 0xd0,
    0x0, 0xbf, 0xfd, 0x0, 0x0, 0x57, 0x7e, 0xff,
    0xd7, 0x77, 0xef, 0xfd, 0x77, 0x72, 0xbf, 0xff,
    0xff, 0xff, 0xff, 0xff, 0xff, 0xff, 0xf6, 0xbf,
    0xff, 0xff, 0xff, 0xff, 0xff, 0xff, 0xff, 0xf6,
    0xbf, 0xff, 0xff, 0xff, 0xff, 0xff, 0xff, 0xff,
    0xf6, 0x0, 0xbf, 0xfd, 0x0, 0xb, 0xff, 0xd0,
    0x0, 0x0, 0x0, 0xef, 0xfa, 0x0, 0xe, 0xff,
    0x90, 0x0, 0x0, 0x1, 0xff, 0xf6, 0x0, 0x1f,
    0xff, 0x60, 0x0, 0x0, 0x5, 0xff, 0xf3, 0x0,
    0x4f, 0xff, 0x30, 0x0, 0x0, 0x8, 0xff, 0xf0,
    0x0, 0x7f, 0xff, 0x0, 0x0, 0x0, 0xb, 0xff,
    0xc0, 0x0, 0xbf, 0xfc, 0x0, 0x0, 0x0,

    /* U+0024 "$" */
    0x0, 0x0, 0x0, 0x5f, 0xe0, 0x0, 0x0, 0x0,
    0x0, 0x0, 0x3, 0x9f, 0xf5, 0x10, 0x0, 0x0,
    0x0, 0x6, 0xef, 0xff, 0xff, 0xfa, 0x10, 0x0,
    0x0, 0x9f, 0xff, 0xff, 0xff, 0xff, 0xe2, 0x0,
    0x5, 0xff, 0xff, 0xff, 0xff, 0xff, 0xfc, 0x0,
    0xd, 0xff, 0xfb, 0x7f, 0xe6, 0xff, 0xff, 0x40,
    0x2f, 0xff, 0xe0, 0x5f, 0xe0, 0x9f, 0xff, 0x90,
    0x4f, 0xff, 0xa0, 0x5f, 0xe0, 0x26, 0x42, 0x0,
    0x3f, 0xff, 0xc0, 0x5f, 0xe0, 0x0, 0x0, 0x0,
    0x1f, 0xff, 0xf6, 0x5f, 0xe0, 0x0, 0x0, 0x0,
    0xc, 0xff, 0xff, 0xef, 0xe0, 0x0, 0x0, 0x0,
    0x4, 0xff, 0xff, 0xff, 0xfa, 0x50, 0x0, 0x0,
    0x0, 0x8f, 0xff, 0xff, 0xff, 0xfe, 0x60, 0x0,
    0x0, 0x6, 0xff, 0xff, 0xff, 0xff, 0xfa, 0x0,
    0x0, 0x0, 0x17, 0xdf, 0xff, 0xff, 0xff, 0x70,
    0x0, 0x0, 0x0, 0x5f, 0xfc, 0xff, 0xff, 0xe0,
    0x0, 0x0, 0x0, 0x5f, 0xe0, 0x5f, 0xff, 0xf3,
    0x0, 0x0, 0x0, 0x5f, 0xe0, 0xa, 0xff, 0xf5,
    0x9c, 0xef, 0x50, 0x5f, 0xe0, 0x7, 0xff, 0xf5,
    0xaf, 0xff, 0xc0, 0x5f, 0xe0, 0xa, 0xff, 0xf3,
    0x5f, 0xff, 0xf8, 0x5f, 0xe0, 0x4f, 0xff, 0xe0,
    0xe, 0xff, 0xff, 0xef, 0xf9, 0xff, 0xff, 0x70,
    0x4, 0xff, 0xff, 0xff, 0xff, 0xff, 0xfc, 0x0,
    0x0, 0x5f, 0xff, 0xff, 0xff, 0xff, 0xb0, 0x0,
    0x0, 0x2, 0x9e, 0xff, 0xff, 0xb4, 0x0, 0x0,
    0x0, 0x0, 0x0, 0x6f, 0xe0, 0x0, 0x0, 0x0,
    0x0, 0x0, 0x0, 0x5f, 0xe0, 0x0, 0x0, 0x0,
    0x0, 0x0, 0x0, 0x5f, 0xe0, 0x0, 0x0, 0x0,

    /* U+0025 "%" */
    0x0, 0x3b, 0xef, 0xea, 0x20, 0x0, 0x0, 0x0,
    0x9, 0xff, 0x90, 0x0, 0x0, 0x5, 0xff, 0xff,
    0xff, 0xf4, 0x0, 0x0, 0x0, 0x1f, 0xff, 0x10,
    0x0, 0x0, 0x1f, 0xff, 0xc8, 0xef, 0xfe, 0x0,
    0x0, 0x0, 0xaf, 0xf8, 0x0, 0x0, 0x0, 0x5f,
    0xff, 0x10, 0x4f, 0xff, 0x40, 0x0, 0x2, 0xff,
    0xf1, 0x0, 0x0, 0x0, 0x8f, 0xfd, 0x0, 0xf,
    0xff, 0x60, 0x0, 0xb, 0xff, 0x70, 0x0, 0x0,
    0x0, 0x9f, 0xfd, 0x0, 0xf, 0xff, 0x70, 0x0,
    0x3f, 0xfe, 0x0, 0x0, 0x0, 0x0, 0x8f, 0xfd,
    0x0, 0xf, 0xff, 0x60, 0x0, 0xbf, 0xf6, 0x0,
    0x0, 0x0, 0x0, 0x5f, 0xff, 0x10, 0x4f, 0xff,
    0x40, 0x4, 0xff, 0xe0, 0x0, 0x0, 0x0, 0x0,
    0x1f, 0xff, 0xd9, 0xef, 0xfe, 0x0, 0xc, 0xff,
    0x60, 0x0, 0x0, 0x0, 0x0, 0x5, 0xff, 0xff,
    0xff, 0xf4, 0x0, 0x5f, 0xfd, 0x0, 0x0, 0x0,
    0x0, 0x0, 0x0, 0x3b, 0xef, 0xea, 0x20, 0x0,
    0xdf, 0xf5, 0x0, 0x0, 0x0, 0x0, 0x0, 0x0,
    0x0, 0x0, 0x0, 0x0, 0x6, 0xff, 0xc0, 0x0,
    0x7d, 0xff, 0xc5, 0x0, 0x0, 0x0, 0x0, 0x0,
    0x0, 0xe, 0xff, 0x40, 0xc, 0xff, 0xff, 0xff,
    0x90, 0x0, 0x0, 0x0, 0x0, 0x0, 0x7f, 0xfc,
    0x0, 0x7f, 0xff, 0x9b, 0xff, 0xf4, 0x0, 0x0,
    0x0, 0x0, 0x0, 0xef, 0xf3, 0x0, 0xdf, 0xf9,
    0x0, 0xdf, 0xfa, 0x0, 0x0, 0x0, 0x0, 0x8,
    0xff, 0xb0, 0x0, 0xff, 0xf5, 0x0, 0xaf, 0xfd,
    0x0, 0x0, 0x0, 0x0, 0x1f, 0xff, 0x20, 0x2,
    0xff, 0xf4, 0x0, 0x9f, 0xfe, 0x0, 0x0, 0x0,
    0x0, 0x9f, 0xfa, 0x0, 0x2, 0xff, 0xf4, 0x0,
    0x9f, 0xfe, 0x0, 0x0, 0x0, 0x2, 0xff, 0xf2,
    0x0, 0x0, 0xff, 0xf5, 0x0, 0xaf, 0xfd, 0x0,
    0x0, 0x0, 0xa, 0xff, 0x90, 0x0, 0x0, 0xdf,
    0xf9, 0x0, 0xdf, 0xfa, 0x0, 0x0, 0x0, 0x2f,
    0xff, 0x10, 0x0, 0x0, 0x7f, 0xff, 0x9b, 0xff,
    0xf4, 0x0, 0x0, 0x0, 0xbf, 0xf8, 0x0, 0x0,
    0x0, 0xc, 0xff, 0xff, 0xff, 0x90, 0x0, 0x0,
    0x3, 0xff, 0xf1, 0x0, 0x0, 0x0, 0x0, 0x7d,
    0xff, 0xc5, 0x0,

    /* U+0026 "&" */
    0x0, 0x0, 0x1, 0x7c, 0xef, 0xfc, 0x81, 0x0,
    0x0, 0x0, 0x0, 0x0, 0x0, 0x3e, 0xff, 0xff,
    0xff, 0xff, 0x50, 0x0, 0x0, 0x0, 0x0, 0x1,
    0xef, 0xff, 0xff, 0xff, 0xff, 0xf3, 0x0, 0x0,
    0x0, 0x0, 0x7, 0xff, 0xff, 0x72, 0x3b, 0xff,
    0xfb, 0x0, 0x0, 0x0, 0x0, 0xa, 0xff, 0xfa,
    0x0, 0x0, 0xff, 0xff, 0x0, 0x0, 0x0, 0x0,
    0xa, 0xff, 0xfc, 0x0, 0x0, 0xef, 0xfe, 0x0,
    0x0, 0x0, 0x0, 0x5, 0xff, 0xff, 0x50, 0x7,
    0xff, 0xfb, 0x0, 0x0, 0x0, 0x0, 0x0, 0xef,
    0xff, 0xf3, 0x9f, 0xff, 0xf3, 0x0, 0x0, 0x0,
    0x0, 0x0, 0x4f, 0xff, 0xff, 0xff, 0xff, 0x60,
    0x0, 0x0, 0x0, 0x0, 0x0, 0xa, 0xff, 0xff,
    0xff, 0xe3, 0x0, 0x0, 0x0, 0x0, 0x0, 0x1,
    0xaf, 0xff, 0xff, 0xff, 0x10, 0x0, 0x0, 0x0,
    0x0, 0x0, 0x3e, 0xff, 0xff, 0xff, 0xff, 0xb0,
    0x0, 0x0, 0x0, 0x0, 0x2, 0xff, 0xff, 0xf7,
    0xcf, 0xff, 0xf8, 0x3, 0xfc, 0x84, 0x0, 0xc,
    0xff, 0xff, 0x30, 0x1e, 0xff, 0xff, 0x48, 0xff,
    0xfb, 0x0, 0x3f, 0xff, 0xf6, 0x0, 0x3, 0xff,
    0xff, 0xff, 0xff, 0xf6, 0x0, 0x7f, 0xff, 0xf0,
    0x0, 0x0, 0x6f, 0xff, 0xff, 0xff, 0xf1, 0x0,
    0x9f, 0xff, 0xf0, 0x0, 0x0, 0x9, 0xff, 0xff,
    0xff, 0x80, 0x0, 0x7f, 0xff, 0xf3, 0x0, 0x0,
    0x0, 0xdf, 0xff, 0xff, 0x40, 0x0, 0x3f, 0xff,
    0xfc, 0x10, 0x0, 0x1a, 0xff, 0xff, 0xff, 0xf7,
    0x0, 0xc, 0xff, 0xff, 0xfb, 0xac, 0xff, 0xff,
    0xff, 0xff, 0xff, 0xc2, 0x2, 0xef, 0xff, 0xff,
    0xff, 0xff, 0xff, 0xfd, 0xff, 0xff, 0xe2, 0x0,
    0x1c, 0xff, 0xff, 0xff, 0xff, 0xfc, 0x20, 0xaf,
    0xff, 0x40, 0x0, 0x0, 0x49, 0xde, 0xfe, 0xd9,
    0x40, 0x0, 0x5, 0xe7, 0x0, 0x0, 0x0, 0x0,
    0x0, 0x0, 0x0, 0x0, 0x0, 0x0, 0x0, 0x0,

    /* U+0027 "'" */
    0x9f, 0xff, 0xf3, 0x9f, 0xff, 0xf3, 0x9f, 0xff,
    0xf3, 0x8f, 0xff, 0xf3, 0x7f, 0xff, 0xf1, 0x4f,
    0xff, 0xf0, 0xf, 0xff, 0xc0, 0xd, 0xff, 0x90,
    0x1, 0x22, 0x10,

    /* U+0028 "(" */
    0x0, 0x0, 0xb, 0xff, 0x60, 0x0, 0x5, 0xff,
    0xe0, 0x0, 0x0, 0xef, 0xf8, 0x0, 0x0, 0x8f,
    0xff, 0x10, 0x0, 0xe, 0xff, 0xb0, 0x0, 0x7,
    0xff, 0xf5, 0x0, 0x0, 0xdf, 0xff, 0x0, 0x0,
    0x3f, 0xff, 0xc0, 0x0, 0x8, 0xff, 0xf8, 0x0,
    0x0, 0xcf, 0xff, 0x50, 0x0, 0xf, 0xff, 0xf2,
    0x0, 0x1, 0xff, 0xff, 0x0, 0x0, 0x3f, 0xff,
    0xf0, 0x0, 0x4, 0xff, 0xfe, 0x0, 0x0, 0x5f,
    0xff, 0xe0, 0x0, 0x4, 0xff, 0xfe, 0x0, 0x0,
    0x3f, 0xff, 0xf0, 0x0, 0x1, 0xff, 0xff, 0x0,
    0x0, 0xe, 0xff, 0xf2, 0x0, 0x0, 0xbf, 0xff,
    0x50, 0x0, 0x7, 0xff, 0xf8, 0x0, 0x0, 0x2f,
    0xff, 0xc0, 0x0, 0x0, 0xcf, 0xff, 0x0, 0x0,
    0x6, 0xff, 0xf5, 0x0, 0x0, 0xe, 0xff, 0xa0,
    0x0, 0x0, 0x8f, 0xff, 0x0, 0x0, 0x0, 0xef,
    0xf6, 0x0, 0x0, 0x6, 0xff, 0xd0, 0x0, 0x0,
    0xc, 0xff, 0x50,

    /* U+0029 ")" */
    0xbf, 0xf5, 0x0, 0x0, 0x4f, 0xfe, 0x10, 0x0,
    0xd, 0xff, 0xa0, 0x0, 0x7, 0xff, 0xf3, 0x0,
    0x1, 0xff, 0xfa, 0x0, 0x0, 0xbf, 0xff, 0x20,
    0x0, 0x6f, 0xff, 0x80, 0x0, 0x1f, 0xff, 0xe0,
    0x0, 0xe, 0xff, 0xf3, 0x0, 0xb, 0xff, 0xf6,
    0x0, 0x8, 0xff, 0xfa, 0x0, 0x6, 0xff, 0xfc,
    0x0, 0x5, 0xff, 0xfe, 0x0, 0x4, 0xff, 0xff,
    0x0, 0x3, 0xff, 0xff, 0x0, 0x4, 0xff, 0xff,
    0x0, 0x5, 0xff, 0xfd, 0x0, 0x6, 0xff, 0xfb,
    0x0, 0x8, 0xff, 0xf8, 0x0, 0xb, 0xff, 0xf5,
    0x0, 0xe, 0xff, 0xf1, 0x0, 0x1f, 0xff, 0xc0,
    0x0, 0x5f, 0xff, 0x70, 0x0, 0xaf, 0xff, 0x10,
    0x0, 0xff, 0xfa, 0x0, 0x5, 0xff, 0xf2, 0x0,
    0xc, 0xff, 0xa0, 0x0, 0x3f, 0xff, 0x10, 0x0,
    0xbf, 0xf6, 0x0, 0x0,

    /* U+002A "*" */
    0x0, 0x0, 0x5f, 0xf6, 0x0, 0x0, 0x0, 0x0,
    0x4f, 0xf5, 0x0, 0x0, 0x6, 0x20, 0x3f, 0xf3,
    0x0, 0x40, 0xf, 0xfa, 0x3f, 0xf2, 0x7e, 0xf3,
    0x5f, 0xff, 0xff, 0xff, 0xff, 0xf8, 0x16, 0xae,
    0xff, 0xff, 0xfc, 0x94, 0x0, 0x1, 0xef, 0xff,
    0x20, 0x0, 0x0, 0x1d, 0xfe, 0xdf, 0xe1, 0x0,
    0x1, 0xdf, 0xf5, 0x4f, 0xfd, 0x0, 0x2, 0xdf,
    0xb0, 0xb, 0xfe, 0x30, 0x0, 0xa, 0x20, 0x1,
    0x90, 0x0,

    /* U+002B "+" */
    0x0, 0x0, 0x0, 0x0, 0x0, 0x0, 0x0, 0x0,
    0x0, 0x0, 0x0, 0xa, 0xff, 0xf5, 0x0, 0x0,
    0x0, 0x0, 0x0, 0x0, 0xaf, 0xff, 0x50, 0x0,
    0x0, 0x0, 0x0, 0x0, 0xa, 0xff, 0xf5, 0x0,
    0x0, 0x0, 0x0, 0x0, 0x0, 0xaf, 0xff, 0x50,
    0x0, 0x0, 0x0, 0x0, 0x0, 0xa, 0xff, 0xf5,
    0x0, 0x0, 0x0, 0x12, 0x22, 0x22, 0xbf, 0xff,
    0x62, 0x22, 0x22, 0xa, 0xff, 0xff, 0xff, 0xff,
    0xff, 0xff, 0xff, 0xf5, 0xaf, 0xff, 0xff, 0xff,
    0xff, 0xff, 0xff, 0xff, 0x5a, 0xff, 0xff, 0xff,
    0xff, 0xff, 0xff, 0xff, 0xf5, 0xaf, 0xff, 0xff,
    0xff, 0xff, 0xff, 0xff, 0xff, 0x50, 0x0, 0x0,
    0xa, 0xff, 0xf5, 0x0, 0x0, 0x0, 0x0, 0x0,
    0x0, 0xaf, 0xff, 0x50, 0x0, 0x0, 0x0, 0x0,
    0x0, 0xa, 0xff, 0xf5, 0x0, 0x0, 0x0, 0x0,
    0x0, 0x0, 0xaf, 0xff, 0x50, 0x0, 0x0, 0x0,
    0x0, 0x0, 0xa, 0xff, 0xf5, 0x0, 0x0, 0x0,
    0x0, 0x0, 0x0, 0xaf, 0xff, 0x50, 0x0, 0x0,
    0x0,

    /* U+002C "," */
    0x5, 0x66, 0x63, 0xd, 0xff, 0xf9, 0xd, 0xff,
    0xf9, 0xd, 0xff, 0xf9, 0xd, 0xff, 0xf8, 0x0,
    0xc, 0xf7, 0x0, 0xf, 0xf4, 0x1, 0xbf, 0xe0,
    0xe, 0xff, 0x30, 0x9, 0xb2, 0x0, 0x0, 0x0,
    0x0,

    /* U+002D "-" */
    0x16, 0x66, 0x66, 0x66, 0x62, 0x3f, 0xff, 0xff,
    0xff, 0xf6, 0x3f, 0xff, 0xff, 0xff, 0xf6, 0x3f,
    0xff, 0xff, 0xff, 0xf6, 0x3f, 0xff, 0xff, 0xff,
    0xf6,

    /* U+002E "." */
    0x46, 0x66, 0x4b, 0xff, 0xfb, 0xbf, 0xff, 0xbb,
    0xff, 0xfb, 0xbf, 0xff, 0xb0,

    /* U+002F "/" */
    0x0, 0x0, 0x0, 0x8f, 0xfc, 0x0, 0x0, 0x0,
    0xbf, 0xf8, 0x0, 0x0, 0x0, 0xff, 0xf4, 0x0,
    0x0, 0x3, 0xff, 0xf0, 0x0, 0x0, 0x7, 0xff,
    0xc0, 0x0, 0x0, 0xb, 0xff, 0x80, 0x0, 0x0,
    0xf, 0xff, 0x40, 0x0, 0x0, 0x3f, 0xff, 0x0,
    0x0, 0x0, 0x7f, 0xfc, 0x0, 0x0, 0x0, 0xbf,
    0xf8, 0x0, 0x0, 0x0, 0xff, 0xf4, 0x0, 0x0,
    0x3, 0xff, 0xf1, 0x0, 0x0, 0x7, 0xff, 0xc0,
    0x0, 0x0, 0xb, 0xff, 0x80, 0x0, 0x0, 0xf,
    0xff, 0x40, 0x0, 0x0, 0x3f, 0xff, 0x10, 0x0,
    0x0, 0x7f, 0xfc, 0x0, 0x0, 0x0, 0xbf, 0xf8,
    0x0, 0x0, 0x0, 0xef, 0xf4, 0x0, 0x0, 0x2,
    0xff, 0xf1, 0x0, 0x0, 0x6, 0xff, 0xc0, 0x0,
    0x0, 0xa, 0xff, 0x80, 0x0, 0x0, 0xe, 0xff,
    0x40, 0x0, 0x0,

    /* U+0030 "0" */
    0x0, 0x0, 0x3a, 0xef, 0xec, 0x70, 0x0, 0x0,
    0x0, 0x8, 0xff, 0xff, 0xff, 0xfe, 0x30, 0x0,
    0x0, 0x8f, 0xff, 0xff, 0xff, 0xff, 0xe1, 0x0,
    0x2, 0xff, 0xff, 0xfb, 0xdf, 0xff, 0xfa, 0x0,
    0x9, 0xff, 0xff, 0x20, 0x8, 0xff, 0xff, 0x20,
    0xe, 0xff, 0xf8, 0x0, 0x0, 0xff, 0xff, 0x70,
    0x2f, 0xff, 0xf4, 0x0, 0x0, 0xbf, 0xff, 0xb0,
    0x5f, 0xff, 0xf1, 0x0, 0x0, 0x8f, 0xff, 0xe0,
    0x7f, 0xff, 0xf0, 0x0, 0x0, 0x7f, 0xff, 0xf0,
    0x9f, 0xff, 0xf0, 0x0, 0x0, 0x6f, 0xff, 0xf1,
    0x9f, 0xff, 0xf0, 0x0, 0x0, 0x6f, 0xff, 0xf2,
    0xaf, 0xff, 0xf0, 0x0, 0x0, 0x6f, 0xff, 0xf3,
    0x9f, 0xff, 0xf0, 0x0, 0x0, 0x6f, 0xff, 0xf2,
    0x9f, 0xff, 0xf0, 0x0, 0x0, 0x6f, 0xff, 0xf1,
    0x8f, 0xff, 0xf0, 0x0, 0x0, 0x7f, 0xff, 0xf0,
    0x5f, 0xff, 0xf1, 0x0, 0x0, 0x9f, 0xff, 0xe0,
    0x3f, 0xff, 0xf4, 0x0, 0x0, 0xbf, 0xff, 0xb0,
    0xf, 0xff, 0xf9, 0x0, 0x0, 0xff, 0xff, 0x70,
    0xa, 0xff, 0xff, 0x20, 0x8, 0xff, 0xff, 0x20,
    0x3, 0xff, 0xff, 0xfb, 0xcf, 0xff, 0xfb, 0x0,
    0x0, 0x8f, 0xff, 0xff, 0xff, 0xff, 0xf2, 0x0,
    0x0, 0x8, 0xff, 0xff, 0xff, 0xfe, 0x30, 0x0,
    0x0, 0x0, 0x39, 0xdf, 0xfc, 0x70, 0x0, 0x0,

    /* U+0031 "1" */
    0x0, 0x0, 0x0, 0x3f, 0xff, 0x90, 0x0, 0x0,
    0xb, 0xff, 0xf9, 0x0, 0x0, 0x7, 0xff, 0xff,
    0x90, 0x0, 0x8, 0xff, 0xff, 0xf9, 0x0, 0x2c,
    0xff, 0xff, 0xff, 0x92, 0xaf, 0xff, 0xff, 0xff,
    0xf9, 0x7f, 0xff, 0xfe, 0xef, 0xff, 0x97, 0xff,
    0xfc, 0x2c, 0xff, 0xf9, 0x7f, 0xe7, 0x0, 0xcf,
    0xff, 0x95, 0x60, 0x0, 0xc, 0xff, 0xf9, 0x0,
    0x0, 0x0, 0xcf, 0xff, 0x90, 0x0, 0x0, 0xc,
    0xff, 0xf9, 0x0, 0x0, 0x0, 0xcf, 0xff, 0x90,
    0x0, 0x0, 0xc, 0xff, 0xf9, 0x0, 0x0, 0x0,
    0xcf, 0xff, 0x90, 0x0, 0x0, 0xc, 0xff, 0xf9,
    0x0, 0x0, 0x0, 0xcf, 0xff, 0x90, 0x0, 0x0,
    0xc, 0xff, 0xf9, 0x0, 0x0, 0x0, 0xcf, 0xff,
    0x90, 0x0, 0x0, 0xc, 0xff, 0xf9, 0x0, 0x0,
    0x0, 0xcf, 0xff, 0x90, 0x0, 0x0, 0xc, 0xff,
    0xf9, 0x0, 0x0, 0x0, 0xcf, 0xff, 0x90,

    /* U+0032 "2" */
    0x0, 0x0, 0x5, 0xbe, 0xff, 0xda, 0x40, 0x0,
    0x0, 0x0, 0x3d, 0xff, 0xff, 0xff, 0xff, 0xb1,
    0x0, 0x0, 0x2f, 0xff, 0xff, 0xff, 0xff, 0xff,
    0xc0, 0x0, 0xc, 0xff, 0xff, 0xeb, 0xcf, 0xff,
    0xff, 0x70, 0x2, 0xff, 0xff, 0xa0, 0x0, 0x2e,
    0xff, 0xfe, 0x0, 0x7f, 0xff, 0xf1, 0x0, 0x0,
    0x7f, 0xff, 0xf1, 0x8, 0xef, 0xfc, 0x0, 0x0,
    0x4, 0xff, 0xff, 0x20, 0x0, 0x1, 0x20, 0x0,
    0x0, 0x5f, 0xff, 0xf1, 0x0, 0x0, 0x0, 0x0,
    0x0, 0xa, 0xff, 0xfd, 0x0, 0x0, 0x0, 0x0,
    0x0, 0x3, 0xff, 0xff, 0x80, 0x0, 0x0, 0x0,
    0x0, 0x2, 0xef, 0xff, 0xf1, 0x0, 0x0, 0x0,
    0x0, 0x2, 0xef, 0xff, 0xf6, 0x0, 0x0, 0x0,
    0x0, 0x2, 0xef, 0xff, 0xfa, 0x0, 0x0, 0x0,
    0x0, 0x3, 0xef, 0xff, 0xfb, 0x0, 0x0, 0x0,
    0x0, 0x3, 0xff, 0xff, 0xfb, 0x0, 0x0, 0x0,
    0x0, 0x3, 0xff, 0xff, 0xfa, 0x0, 0x0, 0x0,
    0x0, 0x2, 0xef, 0xff, 0xf8, 0x0, 0x0, 0x0,
    0x0, 0x0, 0xdf, 0xff, 0xf8, 0x0, 0x0, 0x0,
    0x0, 0x0, 0x9f, 0xff, 0xfc, 0x11, 0x11, 0x11,
    0x11, 0x0, 0x2f, 0xff, 0xff, 0xff, 0xff, 0xff,
    0xff, 0xf3, 0x9, 0xff, 0xff, 0xff, 0xff, 0xff,
    0xff, 0xff, 0x30, 0xdf, 0xff, 0xff, 0xff, 0xff,
    0xff, 0xff, 0xf3, 0x1f, 0xff, 0xff, 0xff, 0xff,
    0xff, 0xff, 0xff, 0x30,

    /* U+0033 "3" */
    0x0, 0x0, 0x6b, 0xef, 0xec, 0x70, 0x0, 0x0,
    0x0, 0x3d, 0xff, 0xff, 0xff, 0xfe, 0x40, 0x0,
    0x2, 0xef, 0xff, 0xff, 0xff, 0xff, 0xf3, 0x0,
    0xa, 0xff, 0xff, 0xda, 0xdf, 0xff, 0xfd, 0x0,
    0x1f, 0xff, 0xf7, 0x0, 0x9, 0xff, 0xff, 0x30,
    0x4f, 0xff, 0xd0, 0x0, 0x1, 0xff, 0xff, 0x50,
    0x0, 0x25, 0x40, 0x0, 0x1, 0xff, 0xff, 0x40,
    0x0, 0x0, 0x0, 0x0, 0x8, 0xff, 0xfe, 0x0,
    0x0, 0x0, 0x0, 0x36, 0xbf, 0xff, 0xf5, 0x0,
    0x0, 0x0, 0x0, 0xcf, 0xff, 0xff, 0x50, 0x0,
    0x0, 0x0, 0x0, 0xef, 0xff, 0xfa, 0x20, 0x0,
    0x0, 0x0, 0x0, 0xff, 0xff, 0xff, 0xf7, 0x0,
    0x0, 0x0, 0x0, 0x20, 0x29, 0xff, 0xff, 0x60,
    0x0, 0x0, 0x0, 0x0, 0x0, 0xaf, 0xff, 0xe0,
    0x0, 0x0, 0x0, 0x0, 0x0, 0x3f, 0xff, 0xf4,
    0x0, 0x0, 0x0, 0x0, 0x0, 0x1f, 0xff, 0xf6,
    0x69, 0xbd, 0x80, 0x0, 0x0, 0x3f, 0xff, 0xf5,
    0x9f, 0xff, 0xd0, 0x0, 0x0, 0x8f, 0xff, 0xf2,
    0x4f, 0xff, 0xf9, 0x0, 0x4, 0xff, 0xff, 0xd0,
    0xc, 0xff, 0xff, 0xeb, 0xcf, 0xff, 0xff, 0x50,
    0x2, 0xef, 0xff, 0xff, 0xff, 0xff, 0xf8, 0x0,
    0x0, 0x2d, 0xff, 0xff, 0xff, 0xff, 0x70, 0x0,
    0x0, 0x0, 0x6b, 0xef, 0xfc, 0x81, 0x0, 0x0,

    /* U+0034 "4" */
    0x0, 0x0, 0x0, 0x0, 0x0, 0xcf, 0xff, 0x30,
    0x0, 0x0, 0x0, 0x0, 0x0, 0x8, 0xff, 0xff,
    0x30, 0x0, 0x0, 0x0, 0x0, 0x0, 0x3f, 0xff,
    0xff, 0x30, 0x0, 0x0, 0x0, 0x0, 0x0, 0xdf,
    0xff, 0xff, 0x30, 0x0, 0x0, 0x0, 0x0, 0xa,
    0xff, 0xff, 0xff, 0x30, 0x0, 0x0, 0x0, 0x0,
    0x5f, 0xff, 0xff, 0xff, 0x30, 0x0, 0x0, 0x0,
    0x1, 0xef, 0xfe, 0xff, 0xff, 0x30, 0x0, 0x0,
    0x0, 0xb, 0xff, 0xf5, 0xff, 0xff, 0x30, 0x0,
    0x0, 0x0, 0x7f, 0xff, 0x90, 0xff, 0xff, 0x30,
    0x0, 0x0, 0x2, 0xff, 0xfd, 0x0, 0xff, 0xff,
    0x30, 0x0, 0x0, 0xd, 0xff, 0xf3, 0x0, 0xff,
    0xff, 0x30, 0x0, 0x0, 0x8f, 0xff, 0x80, 0x0,
    0xff, 0xff, 0x30, 0x0, 0x4, 0xff, 0xfc, 0x0,
    0x0, 0xff, 0xff, 0x30, 0x0, 0x1e, 0xff, 0xf2,
    0x0, 0x0, 0xff, 0xff, 0x30, 0x0, 0x6f, 0xff,
    0xfd, 0xdd, 0xdd, 0xff, 0xff, 0xed, 0xd0, 0x6f,
    0xff, 0xff, 0xff, 0xff, 0xff, 0xff, 0xff, 0xf1,
    0x6f, 0xff, 0xff, 0xff, 0xff, 0xff, 0xff, 0xff,
    0xf1, 0x6f, 0xff, 0xff, 0xff, 0xff, 0xff, 0xff,
    0xff, 0xf1, 0x0, 0x0, 0x0, 0x0, 0x0, 0xff,
    0xff, 0x30, 0x0, 0x0, 0x0, 0x0, 0x0, 0x0,
    0xff, 0xff, 0x30, 0x0, 0x0, 0x0, 0x0, 0x0,
    0x0, 0xff, 0xff, 0x30, 0x0, 0x0, 0x0, 0x0,
    0x0, 0x0, 0xff, 0xff, 0x30, 0x0, 0x0, 0x0,
    0x0, 0x0, 0x0, 0xff, 0xff, 0x30, 0x0,

    /* U+0035 "5" */
    0x0, 0xe, 0xff, 0xff, 0xff, 0xff, 0xff, 0xd0,
    0x0, 0x1f, 0xff, 0xff, 0xff, 0xff, 0xff, 0xd0,
    0x0, 0x4f, 0xff, 0xff, 0xff, 0xff, 0xff, 0xd0,
    0x0, 0x7f, 0xff, 0xff, 0xff, 0xff, 0xff, 0xd0,
    0x0, 0xaf, 0xff, 0x82, 0x22, 0x22, 0x22, 0x10,
    0x0, 0xdf, 0xff, 0x40, 0x0, 0x0, 0x0, 0x0,
    0x0, 0xff, 0xff, 0x20, 0x0, 0x0, 0x0, 0x0,
    0x3, 0xff, 0xff, 0x15, 0x77, 0x40, 0x0, 0x0,
    0x6, 0xff, 0xff, 0xff, 0xff, 0xfe, 0x70, 0x0,
    0x9, 0xff, 0xff, 0xff, 0xff, 0xff, 0xfa, 0x0,
    0xb, 0xff, 0xff, 0xff, 0xff, 0xff, 0xff, 0x70,
    0xe, 0xff, 0xfc, 0x40, 0x16, 0xff, 0xff, 0xf1,
    0x3, 0x57, 0x70, 0x0, 0x0, 0x5f, 0xff, 0xf7,
    0x0, 0x0, 0x0, 0x0, 0x0, 0xe, 0xff, 0xfa,
    0x0, 0x0, 0x0, 0x0, 0x0, 0xb, 0xff, 0xfc,
    0x0, 0x0, 0x0, 0x0, 0x0, 0xb, 0xff, 0xfc,
    0x25, 0x68, 0x80, 0x0, 0x0, 0xd, 0xff, 0xfa,
    0x6f, 0xff, 0xf2, 0x0, 0x0, 0x2f, 0xff, 0xf7,
    0x2f, 0xff, 0xfc, 0x10, 0x0, 0xbf, 0xff, 0xf1,
    0xa, 0xff, 0xff, 0xe9, 0x9e, 0xff, 0xff, 0x80,
    0x1, 0xef, 0xff, 0xff, 0xff, 0xff, 0xfb, 0x0,
    0x0, 0x2c, 0xff, 0xff, 0xff, 0xff, 0x90, 0x0,
    0x0, 0x0, 0x5a, 0xef, 0xfd, 0x93, 0x0, 0x0,

    /* U+0036 "6" */
    0x0, 0x0, 0x5, 0xae, 0xff, 0xc7, 0x0, 0x0,
    0x0, 0x2, 0xcf, 0xff, 0xff, 0xff, 0xe3, 0x0,
    0x0, 0x2e, 0xff, 0xff, 0xff, 0xff, 0xfe, 0x10,
    0x0, 0xcf, 0xff, 0xfd, 0xad, 0xff, 0xff, 0x90,
    0x6, 0xff, 0xff, 0x70, 0x0, 0x9f, 0xff, 0xf0,
    0xc, 0xff, 0xfb, 0x0, 0x0, 0x2e, 0xcb, 0x91,
    0x1f, 0xff, 0xf6, 0x0, 0x0, 0x0, 0x0, 0x0,
    0x4f, 0xff, 0xf2, 0x0, 0x33, 0x0, 0x0, 0x0,
    0x7f, 0xff, 0xf1, 0x9f, 0xff, 0xfb, 0x20, 0x0,
    0x8f, 0xff, 0xfc, 0xff, 0xff, 0xff, 0xf5, 0x0,
    0x9f, 0xff, 0xff, 0xff, 0xff, 0xff, 0xff, 0x30,
    0xaf, 0xff, 0xff, 0xb2, 0x4, 0xef, 0xff, 0xc0,
    0x9f, 0xff, 0xfd, 0x0, 0x0, 0x3f, 0xff, 0xf3,
    0x8f, 0xff, 0xf7, 0x0, 0x0, 0xd, 0xff, 0xf7,
    0x7f, 0xff, 0xf5, 0x0, 0x0, 0xa, 0xff, 0xf9,
    0x5f, 0xff, 0xf5, 0x0, 0x0, 0xa, 0xff, 0xfa,
    0x2f, 0xff, 0xf7, 0x0, 0x0, 0xb, 0xff, 0xf8,
    0xd, 0xff, 0xfd, 0x0, 0x0, 0xf, 0xff, 0xf6,
    0x7, 0xff, 0xff, 0x90, 0x0, 0x9f, 0xff, 0xf1,
    0x0, 0xef, 0xff, 0xfd, 0xad, 0xff, 0xff, 0x90,
    0x0, 0x4f, 0xff, 0xff, 0xff, 0xff, 0xfd, 0x0,
    0x0, 0x4, 0xef, 0xff, 0xff, 0xff, 0xc1, 0x0,
    0x0, 0x0, 0x7, 0xce, 0xfe, 0xa5, 0x0, 0x0,

    /* U+0037 "7" */
    0xaf, 0xff, 0xff, 0xff, 0xff, 0xff, 0xff, 0xf6,
    0xaf, 0xff, 0xff, 0xff, 0xff, 0xff, 0xff, 0xf6,
    0xaf, 0xff, 0xff, 0xff, 0xff, 0xff, 0xff, 0xf6,
    0xaf, 0xff, 0xff, 0xff, 0xff, 0xff, 0xff, 0xe2,
    0x1, 0x11, 0x11, 0x11, 0x12, 0xef, 0xff, 0x40,
    0x0, 0x0, 0x0, 0x0, 0xa, 0xff, 0xf7, 0x0,
    0x0, 0x0, 0x0, 0x0, 0x5f, 0xff, 0xc0, 0x0,
    0x0, 0x0, 0x0, 0x0, 0xef, 0xff, 0x30, 0x0,
    0x0, 0x0, 0x0, 0x8, 0xff, 0xfa, 0x0, 0x0,
    0x0, 0x0, 0x0, 0x1f, 0xff, 0xf2, 0x0, 0x0,
    0x0, 0x0, 0x0, 0x8f, 0xff, 0xa0, 0x0, 0x0,
    0x0, 0x0, 0x0, 0xef, 0xff, 0x30, 0x0, 0x0,
    0x0, 0x0, 0x5, 0xff, 0xfc, 0x0, 0x0, 0x0,
    0x0, 0x0, 0xb, 0xff, 0xf7, 0x0, 0x0, 0x0,
    0x0, 0x0, 0x1f, 0xff, 0xf2, 0x0, 0x0, 0x0,
    0x0, 0x0, 0x6f, 0xff, 0xc0, 0x0, 0x0, 0x0,
    0x0, 0x0, 0xaf, 0xff, 0x80, 0x0, 0x0, 0x0,
    0x0, 0x0, 0xef, 0xff, 0x40, 0x0, 0x0, 0x0,
    0x0, 0x1, 0xff, 0xff, 0x10, 0x0, 0x0, 0x0,
    0x0, 0x3, 0xff, 0xff, 0x0, 0x0, 0x0, 0x0,
    0x0, 0x6, 0xff, 0xfd, 0x0, 0x0, 0x0, 0x0,
    0x0, 0x7, 0xff, 0xfb, 0x0, 0x0, 0x0, 0x0,
    0x0, 0x8, 0xff, 0xfb, 0x0, 0x0, 0x0, 0x0,

    /* U+0038 "8" */
    0x0, 0x0, 0x6b, 0xef, 0xfd, 0x93, 0x0, 0x0,
    0x0, 0x3e, 0xff, 0xff, 0xff, 0xff, 0x90, 0x0,
    0x2, 0xef, 0xff, 0xff, 0xff, 0xff, 0xf9, 0x0,
    0xa, 0xff, 0xff, 0xc8, 0x9f, 0xff, 0xff, 0x20,
    0xf, 0xff, 0xf8, 0x0, 0x1, 0xef, 0xff, 0x70,
    0x1f, 0xff, 0xf1, 0x0, 0x0, 0x9f, 0xff, 0x90,
    0xf, 0xff, 0xf1, 0x0, 0x0, 0x9f, 0xff, 0x70,
    0xc, 0xff, 0xf9, 0x0, 0x2, 0xef, 0xff, 0x30,
    0x5, 0xff, 0xff, 0xc9, 0xaf, 0xff, 0xf9, 0x0,
    0x0, 0x6f, 0xff, 0xff, 0xff, 0xff, 0x80, 0x0,
    0x0, 0x5, 0xff, 0xff, 0xff, 0xfd, 0x40, 0x0,
    0x0, 0x9f, 0xff, 0xff, 0xff, 0xff, 0xf8, 0x0,
    0x8, 0xff, 0xfe, 0x40, 0x28, 0xff, 0xff, 0x60,
    0x1f, 0xff, 0xf3, 0x0, 0x0, 0x9f, 0xff, 0xe0,
    0x7f, 0xff, 0xc0, 0x0, 0x0, 0x2f, 0xff, 0xf2,
    0x9f, 0xff, 0xa0, 0x0, 0x0, 0xf, 0xff, 0xf5,
    0xaf, 0xff, 0xc0, 0x0, 0x0, 0x1f, 0xff, 0xf4,
    0x9f, 0xff, 0xf1, 0x0, 0x0, 0x5f, 0xff, 0xf2,
    0x4f, 0xff, 0xfa, 0x0, 0x2, 0xef, 0xff, 0xe0,
    0xd, 0xff, 0xff, 0xd9, 0xaf, 0xff, 0xff, 0x60,
    0x3, 0xff, 0xff, 0xff, 0xff, 0xff, 0xfb, 0x0,
    0x0, 0x3d, 0xff, 0xff, 0xff, 0xff, 0xa0, 0x0,
    0x0, 0x0, 0x5b, 0xef, 0xfd, 0xa3, 0x0, 0x0,

    /* U+0039 "9" */
    0x0, 0x0, 0x7c, 0xef, 0xea, 0x50, 0x0, 0x0,
    0x0, 0x4e, 0xff, 0xff, 0xff, 0xfb, 0x10, 0x0,
    0x4, 0xff, 0xff, 0xff, 0xff, 0xff, 0xd1, 0x0,
    0xe, 0xff, 0xff, 0xcb, 0xff, 0xff, 0xf9, 0x0,
    0x6f, 0xff, 0xf5, 0x0, 0x1d, 0xff, 0xff, 0x20,
    0xbf, 0xff, 0xa0, 0x0, 0x3, 0xff, 0xff, 0x80,
    0xef, 0xff, 0x60, 0x0, 0x0, 0xdf, 0xff, 0xc0,
    0xff, 0xff, 0x50, 0x0, 0x0, 0xaf, 0xff, 0xf0,
    0xef, 0xff, 0x60, 0x0, 0x0, 0xaf, 0xff, 0xf2,
    0xcf, 0xff, 0x90, 0x0, 0x0, 0xdf, 0xff, 0xf3,
    0x8f, 0xff, 0xe1, 0x0, 0x5, 0xff, 0xff, 0xf4,
    0x1f, 0xff, 0xfe, 0x64, 0x8f, 0xff, 0xff, 0xf4,
    0x6, 0xff, 0xff, 0xff, 0xff, 0xff, 0xff, 0xf4,
    0x0, 0x6f, 0xff, 0xff, 0xff, 0x9f, 0xff, 0xf3,
    0x0, 0x2, 0x9e, 0xfe, 0xa2, 0x5f, 0xff, 0xf1,
    0x0, 0x0, 0x0, 0x0, 0x0, 0x8f, 0xff, 0xe0,
    0x0, 0x0, 0x0, 0x0, 0x0, 0xbf, 0xff, 0xc0,
    0x5b, 0xdf, 0xd0, 0x0, 0x1, 0xff, 0xff, 0x60,
    0x4f, 0xff, 0xf5, 0x0, 0xb, 0xff, 0xff, 0x10,
    0xe, 0xff, 0xff, 0xca, 0xef, 0xff, 0xf7, 0x0,
    0x5, 0xff, 0xff, 0xff, 0xff, 0xff, 0xb0, 0x0,
    0x0, 0x7f, 0xff, 0xff, 0xff, 0xf9, 0x0, 0x0,
    0x0, 0x3, 0xad, 0xff, 0xd9, 0x30, 0x0, 0x0,

    /* U+003A ":" */
    0xdf, 0xff, 0x8d, 0xff, 0xf8, 0xdf, 0xff, 0x8d,
    0xff, 0xf8, 0x56, 0x66, 0x30, 0x0, 0x0, 0x0,
    0x0, 0x0, 0x0, 0x0, 0x0, 0x0, 0x0, 0x0,
    0x0, 0x0, 0x0, 0x0, 0x0, 0x0, 0x56, 0x66,
    0x3d, 0xff, 0xf8, 0xdf, 0xff, 0x8d, 0xff, 0xf8,
    0xdf, 0xff, 0x80,

    /* U+003B ";" */
    0xf, 0xff, 0xf6, 0xf, 0xff, 0xf6, 0xf, 0xff,
    0xf6, 0xf, 0xff, 0xf6, 0x6, 0x66, 0x62, 0x0,
    0x0, 0x0, 0x0, 0x0, 0x0, 0x0, 0x0, 0x0,
    0x0, 0x0, 0x0, 0x0, 0x0, 0x0, 0x0, 0x0,
    0x0, 0x0, 0x0, 0x0, 0x6, 0x66, 0x62, 0xf,
    0xff, 0xf6, 0xf, 0xff, 0xf6, 0xf, 0xff, 0xf6,
    0xf, 0xff, 0xf5, 0x0, 0xe, 0xf4, 0x0, 0x2f,
    0xf1, 0x1, 0xdf, 0xb0, 0x2f, 0xfe, 0x10, 0xc,
    0xa1, 0x0, 0x0, 0x0, 0x0,

    /* U+003C "<" */
    0x0, 0x0, 0x0, 0x0, 0x0, 0x0, 0x0, 0x0,
    0x0, 0x0, 0x0, 0x0, 0x0, 0x0, 0x0, 0x5,
    0xb2, 0x0, 0x0, 0x0, 0x0, 0x0, 0x1, 0x7d,
    0xff, 0x30, 0x0, 0x0, 0x0, 0x0, 0x29, 0xff,
    0xff, 0xf3, 0x0, 0x0, 0x0, 0x4, 0xbf, 0xff,
    0xff, 0xff, 0x30, 0x0, 0x0, 0x6d, 0xff, 0xff,
    0xff, 0xff, 0xa1, 0x0, 0x28, 0xff, 0xff, 0xff,
    0xff, 0xd7, 0x10, 0x2, 0xbf, 0xff, 0xff, 0xff,
    0xe9, 0x30, 0x0, 0x0, 0x8f, 0xff, 0xff, 0xfb,
    0x50, 0x0, 0x0, 0x0, 0x8, 0xff, 0xff, 0xc2,
    0x0, 0x0, 0x0, 0x0, 0x0, 0x8f, 0xff, 0xff,
    0xe7, 0x10, 0x0, 0x0, 0x0, 0x5, 0xff, 0xff,
    0xff, 0xff, 0xb4, 0x0, 0x0, 0x0, 0x0, 0x6d,
    0xff, 0xff, 0xff, 0xfe, 0x81, 0x0, 0x0, 0x0,
    0x4, 0xbf, 0xff, 0xff, 0xff, 0xfb, 0x50, 0x0,
    0x0, 0x0, 0x29, 0xff, 0xff, 0xff, 0xff, 0x30,
    0x0, 0x0, 0x0, 0x1, 0x7e, 0xff, 0xff, 0xf3,
    0x0, 0x0, 0x0, 0x0, 0x0, 0x5, 0xcf, 0xff,
    0x30, 0x0, 0x0, 0x0, 0x0, 0x0, 0x0, 0x3a,
    0xf3, 0x0, 0x0, 0x0, 0x0, 0x0, 0x0, 0x0,
    0x1, 0x10,

    /* U+003D "=" */
    0xaf, 0xff, 0xff, 0xff, 0xff, 0xff, 0xff, 0xff,
    0x5a, 0xff, 0xff, 0xff, 0xff, 0xff, 0xff, 0xff,
    0xf5, 0xaf, 0xff, 0xff, 0xff, 0xff, 0xff, 0xff,
    0xff, 0x5a, 0xff, 0xff, 0xff, 0xff, 0xff, 0xff,
    0xff, 0xf5, 0x0, 0x0, 0x0, 0x0, 0x0, 0x0,
    0x0, 0x0, 0x0, 0x0, 0x0, 0x0, 0x0, 0x0,
    0x0, 0x0, 0x0, 0x0, 0x0, 0x0, 0x0, 0x0,
    0x0, 0x0, 0x0, 0xa, 0xff, 0xff, 0xff, 0xff,
    0xff, 0xff, 0xff, 0xf5, 0xaf, 0xff, 0xff, 0xff,
    0xff, 0xff, 0xff, 0xff, 0x5a, 0xff, 0xff, 0xff,
    0xff, 0xff, 0xff, 0xff, 0xf5, 0xaf, 0xff, 0xff,
    0xff, 0xff, 0xff, 0xff, 0xff, 0x50,

    /* U+003E ">" */
    0x0, 0x0, 0x0, 0x0, 0x0, 0x0, 0x0, 0x0,
    0x7, 0x92, 0x0, 0x0, 0x0, 0x0, 0x0, 0x0,
    0x0, 0x8f, 0xfb, 0x40, 0x0, 0x0, 0x0, 0x0,
    0x0, 0x8, 0xff, 0xff, 0xd6, 0x0, 0x0, 0x0,
    0x0, 0x0, 0x8f, 0xff, 0xff, 0xfe, 0x82, 0x0,
    0x0, 0x0, 0x3, 0xcf, 0xff, 0xff, 0xff, 0xfa,
    0x40, 0x0, 0x0, 0x0, 0x28, 0xef, 0xff, 0xff,
    0xff, 0xd6, 0x0, 0x0, 0x0, 0x0, 0x5b, 0xff,
    0xff, 0xff, 0xfe, 0x80, 0x0, 0x0, 0x0, 0x1,
    0x8e, 0xff, 0xff, 0xff, 0x30, 0x0, 0x0, 0x0,
    0x0, 0x5, 0xef, 0xff, 0xf3, 0x0, 0x0, 0x0,
    0x0, 0x29, 0xef, 0xff, 0xff, 0x30, 0x0, 0x0,
    0x6, 0xcf, 0xff, 0xff, 0xff, 0xd1, 0x0, 0x3,
    0x9f, 0xff, 0xff, 0xff, 0xfb, 0x40, 0x1, 0x6d,
    0xff, 0xff, 0xff, 0xff, 0x92, 0x0, 0x0, 0x8f,
    0xff, 0xff, 0xff, 0xe7, 0x10, 0x0, 0x0, 0x8,
    0xff, 0xff, 0xfc, 0x50, 0x0, 0x0, 0x0, 0x0,
    0x8f, 0xff, 0xa3, 0x0, 0x0, 0x0, 0x0, 0x0,
    0x8, 0xe8, 0x10, 0x0, 0x0, 0x0, 0x0, 0x0,
    0x0, 0x20, 0x0, 0x0, 0x0, 0x0, 0x0, 0x0,
    0x0, 0x0,

    /* U+003F "?" */
    0x0, 0x0, 0x17, 0xbe, 0xff, 0xda, 0x60, 0x0,
    0x0, 0x0, 0x6, 0xff, 0xff, 0xff, 0xff, 0xfe,
    0x40, 0x0, 0x0, 0x7f, 0xff, 0xff, 0xff, 0xff,
    0xff, 0xf5, 0x0, 0x4, 0xff, 0xff, 0xfa, 0x76,
    0x9f, 0xff, 0xff, 0x20, 0xc, 0xff, 0xfe, 0x30,
    0x0, 0x2, 0xef, 0xff, 0xa0, 0x2f, 0xff, 0xf5,
    0x0, 0x0, 0x0, 0x6f, 0xff, 0xf0, 0x3c, 0xef,
    0xe0, 0x0, 0x0, 0x0, 0x3f, 0xff, 0xf0, 0x0,
    0x0, 0x10, 0x0, 0x0, 0x0, 0x7f, 0xff, 0xf0,
    0x0, 0x0, 0x0, 0x0, 0x0, 0x3, 0xff, 0xff,
    0x90, 0x0, 0x0, 0x0, 0x0, 0x0, 0x5f, 0xff,
    0xff, 0x20, 0x0, 0x0, 0x0, 0x0, 0x8, 0xff,
    0xff, 0xf4, 0x0, 0x0, 0x0, 0x0, 0x0, 0x8f,
    0xff, 0xff, 0x40, 0x0, 0x0, 0x0, 0x0, 0x5,
    0xff, 0xff, 0xe2, 0x0, 0x0, 0x0, 0x0, 0x0,
    0xd, 0xff, 0xfd, 0x10, 0x0, 0x0, 0x0, 0x0,
    0x0, 0x1f, 0xff, 0xf2, 0x0, 0x0, 0x0, 0x0,
    0x0, 0x0, 0x3f, 0xff, 0xd0, 0x0, 0x0, 0x0,
    0x0, 0x0, 0x0, 0x4f, 0xff, 0xb0, 0x0, 0x0,
    0x0, 0x0, 0x0, 0x0, 0x1, 0x11, 0x10, 0x0,
    0x0, 0x0, 0x0, 0x0, 0x0, 0x16, 0x66, 0x60,
    0x0, 0x0, 0x0, 0x0, 0x0, 0x0, 0x4f, 0xff,
    0xf2, 0x0, 0x0, 0x0, 0x0, 0x0, 0x0, 0x4f,
    0xff, 0xf2, 0x0, 0x0, 0x0, 0x0, 0x0, 0x0,
    0x4f, 0xff, 0xf2, 0x0, 0x0, 0x0, 0x0, 0x0,
    0x0, 0x4f, 0xff, 0xf2, 0x0, 0x0, 0x0,

    /* U+0040 "@" */
    0x0, 0x0, 0x0, 0x0, 0x0, 0x3, 0x8a, 0xde,
    0xff, 0xec, 0xa6, 0x10, 0x0, 0x0, 0x0, 0x0,
    0x0, 0x0, 0x0, 0x0, 0x17, 0xef, 0xff, 0xff,
    0xff, 0xff, 0xff, 0xfa, 0x20, 0x0, 0x0, 0x0,
    0x0, 0x0, 0x0, 0x6, 0xef, 0xff, 0xff, 0xff,
    0xee, 0xff, 0xff, 0xff, 0xf8, 0x0, 0x0, 0x0,
    0x0, 0x0, 0x0, 0xbf, 0xff, 0xfc, 0x73, 0x0,
    0x0, 0x1, 0x59, 0xff, 0xff, 0xb0, 0x0, 0x0,
    0x0, 0x0, 0xc, 0xff, 0xfb, 0x20, 0x0, 0x0,
    0x0, 0x0, 0x0, 0x19, 0xff, 0xfb, 0x0, 0x0,
    0x0, 0x0, 0xbf, 0xff, 0x50, 0x0, 0x0, 0x0,
    0x0, 0x0, 0x0, 0x0, 0x5f, 0xff, 0x60, 0x0,
    0x0, 0x6, 0xff, 0xf3, 0x0, 0x0, 0x6c, 0xef,
    0xd8, 0x14, 0xff, 0xfd, 0x5, 0xff, 0xe0, 0x0,
    0x0, 0x1f, 0xff, 0x50, 0x0, 0x2d, 0xff, 0xff,
    0xff, 0xd9, 0xff, 0xf9, 0x0, 0xbf, 0xf7, 0x0,
    0x0, 0x8f, 0xfb, 0x0, 0x2, 0xff, 0xff, 0xfd,
    0xff, 0xff, 0xff, 0xf6, 0x0, 0x2f, 0xfc, 0x0,
    0x0, 0xff, 0xf2, 0x0, 0x1d, 0xff, 0xf9, 0x10,
    0x9, 0xff, 0xff, 0xf3, 0x0, 0xd, 0xff, 0x0,
    0x5, 0xff, 0xb0, 0x0, 0x9f, 0xff, 0xa0, 0x0,
    0x0, 0xdf, 0xff, 0xf0, 0x0, 0xa, 0xff, 0x20,
    0x9, 0xff, 0x60, 0x1, 0xff, 0xff, 0x10, 0x0,
    0x0, 0x9f, 0xff, 0xc0, 0x0, 0x9, 0xff, 0x30,
    0xc, 0xff, 0x20, 0x7, 0xff, 0xf9, 0x0, 0x0,
    0x0, 0x7f, 0xff, 0x90, 0x0, 0xa, 0xff, 0x30,
    0xf, 0xff, 0x0, 0xc, 0xff, 0xf4, 0x0, 0x0,
    0x0, 0x8f, 0xff, 0x60, 0x0, 0xc, 0xff, 0x20,
    0xf, 0xfd, 0x0, 0xf, 0xff, 0xf1, 0x0, 0x0,
    0x0, 0xbf, 0xff, 0x30, 0x0, 0x1f, 0xfe, 0x0,
    0xf, 0xfc, 0x0, 0x1f, 0xff, 0xf0, 0x0, 0x0,
    0x0, 0xff, 0xff, 0x0, 0x0, 0x6f, 0xfa, 0x0,
    0xf, 0xfd, 0x0, 0x2f, 0xff, 0xe0, 0x0, 0x0,
    0x4, 0xff, 0xfc, 0x0, 0x1, 0xef, 0xf4, 0x0,
    0xd, 0xff, 0x0, 0x1f, 0xff, 0xf0, 0x0, 0x0,
    0xb, 0xff, 0xf9, 0x0, 0xa, 0xff, 0xc0, 0x0,
    0xa, 0xff, 0x30, 0xe, 0xff, 0xf4, 0x0, 0x0,
    0x5f, 0xff, 0xf6, 0x0, 0xaf, 0xff, 0x20, 0x0,
    0x6, 0xff, 0x90, 0x9, 0xff, 0xfe, 0x30, 0x6,
    0xff, 0xff, 0xf9, 0x5d, 0xff, 0xf5, 0x0, 0x0,
    0x1, 0xff, 0xf1, 0x1, 0xef, 0xff, 0xfe, 0xff,
    0xff, 0xff, 0xff, 0xff, 0xff, 0x60, 0x0, 0x0,
    0x0, 0xaf, 0xfb, 0x0, 0x3e, 0xff, 0xff, 0xff,
    0xbc, 0xff, 0xff, 0xff, 0xd3, 0x0, 0x0, 0x0,
    0x0, 0x2f, 0xff, 0x80, 0x1, 0x8d, 0xff, 0xb5,
    0x2, 0xcf, 0xfd, 0xa4, 0x0, 0x1, 0x44, 0x40,
    0x0, 0x7, 0xff, 0xf9, 0x0, 0x0, 0x0, 0x0,
    0x0, 0x0, 0x0, 0x0, 0x0, 0x3e, 0xff, 0x90,
    0x0, 0x0, 0x9f, 0xff, 0xd6, 0x0, 0x0, 0x0,
    0x0, 0x0, 0x0, 0x0, 0x29, 0xff, 0xfc, 0x0,
    0x0, 0x0, 0x8, 0xff, 0xff, 0xe9, 0x62, 0x0,
    0x0, 0x0, 0x14, 0x7c, 0xff, 0xff, 0xb0, 0x0,
    0x0, 0x0, 0x0, 0x4d, 0xff, 0xff, 0xff, 0xff,
    0xee, 0xef, 0xff, 0xff, 0xff, 0xf7, 0x0, 0x0,
    0x0, 0x0, 0x0, 0x0, 0x5b, 0xff, 0xff, 0xff,
    0xff, 0xff, 0xff, 0xff, 0xe7, 0x10, 0x0, 0x0,
    0x0, 0x0, 0x0, 0x0, 0x0, 0x15, 0x9b, 0xde,
    0xff, 0xfe, 0xca, 0x73, 0x0, 0x0, 0x0, 0x0,

    /* U+0041 "A" */
    0x0, 0x0, 0x0, 0x0, 0x4f, 0xff, 0xff, 0x0,
    0x0, 0x0, 0x0, 0x0, 0x0, 0x0, 0x0, 0xa,
    0xff, 0xff, 0xf6, 0x0, 0x0, 0x0, 0x0, 0x0,
    0x0, 0x0, 0x1, 0xff, 0xff, 0xff, 0xc0, 0x0,
    0x0, 0x0, 0x0, 0x0, 0x0, 0x0, 0x7f, 0xff,
    0xff, 0xff, 0x30, 0x0, 0x0, 0x0, 0x0, 0x0,
    0x0, 0xd, 0xff, 0xff, 0xff, 0xf9, 0x0, 0x0,
    0x0, 0x0, 0x0, 0x0, 0x3, 0xff, 0xff, 0xdf,
    0xff, 0xf0, 0x0, 0x0, 0x0, 0x0, 0x0, 0x0,
    0x9f, 0xff, 0xe4, 0xff, 0xff, 0x60, 0x0, 0x0,
    0x0, 0x0, 0x0, 0xf, 0xff, 0xf8, 0xe, 0xff,
    0xfc, 0x0, 0x0, 0x0, 0x0, 0x0, 0x6, 0xff,
    0xff, 0x30, 0x8f, 0xff, 0xf3, 0x0, 0x0, 0x0,
    0x0, 0x0, 0xcf, 0xff, 0xd0, 0x3, 0xff, 0xff,
    0x90, 0x0, 0x0, 0x0, 0x0, 0x2f, 0xff, 0xf7,
    0x0, 0xd, 0xff, 0xff, 0x0, 0x0, 0x0, 0x0,
    0x8, 0xff, 0xff, 0x10, 0x0, 0x7f, 0xff, 0xf6,
    0x0, 0x0, 0x0, 0x0, 0xef, 0xff, 0xc0, 0x0,
    0x1, 0xff, 0xff, 0xc0, 0x0, 0x0, 0x0, 0x5f,
    0xff, 0xf6, 0x0, 0x0, 0xb, 0xff, 0xff, 0x30,
    0x0, 0x0, 0xb, 0xff, 0xff, 0xff, 0xff, 0xff,
    0xff, 0xff, 0xf9, 0x0, 0x0, 0x1, 0xff, 0xff,
    0xff, 0xff, 0xff, 0xff, 0xff, 0xff, 0xf0, 0x0,
    0x0, 0x7f, 0xff, 0xff, 0xff, 0xff, 0xff, 0xff,
    0xff, 0xff, 0x60, 0x0, 0xd, 0xff, 0xff, 0xdd,
    0xdd, 0xdd, 0xdd, 0xdf, 0xff, 0xfc, 0x0, 0x4,
    0xff, 0xff, 0x80, 0x0, 0x0, 0x0, 0x0, 0xcf,
    0xff, 0xf3, 0x0, 0xaf, 0xff, 0xf3, 0x0, 0x0,
    0x0, 0x0, 0x6, 0xff, 0xff, 0x90, 0x1f, 0xff,
    0xfd, 0x0, 0x0, 0x0, 0x0, 0x0, 0xf, 0xff,
    0xff, 0x6, 0xff, 0xff, 0x70, 0x0, 0x0, 0x0,
    0x0, 0x0, 0xaf, 0xff, 0xf6, 0xcf, 0xff, 0xf1,
    0x0, 0x0, 0x0, 0x0, 0x0, 0x3, 0xff, 0xff,
    0xc0,

    /* U+0042 "B" */
    0xaf, 0xff, 0xff, 0xff, 0xff, 0xff, 0xec, 0x71,
    0x0, 0x0, 0xaf, 0xff, 0xff, 0xff, 0xff, 0xff,
    0xff, 0xff, 0x50, 0x0, 0xaf, 0xff, 0xff, 0xff,
    0xff, 0xff, 0xff, 0xff, 0xf4, 0x0, 0xaf, 0xff,
    0xfd, 0xdd, 0xdd, 0xde, 0xff, 0xff, 0xfd, 0x0,
    0xaf, 0xff, 0xf0, 0x0, 0x0, 0x0, 0x3d, 0xff,
    0xff, 0x30, 0xaf, 0xff, 0xf0, 0x0, 0x0, 0x0,
    0x4, 0xff, 0xff, 0x50, 0xaf, 0xff, 0xf0, 0x0,
    0x0, 0x0, 0x2, 0xff, 0xff, 0x40, 0xaf, 0xff,
    0xf0, 0x0, 0x0, 0x0, 0x5, 0xff, 0xff, 0x10,
    0xaf, 0xff, 0xf0, 0x0, 0x0, 0x0, 0x4e, 0xff,
    0xfa, 0x0, 0xaf, 0xff, 0xfd, 0xdd, 0xdd, 0xdf,
    0xff, 0xff, 0xd1, 0x0, 0xaf, 0xff, 0xff, 0xff,
    0xff, 0xff, 0xff, 0xfa, 0x0, 0x0, 0xaf, 0xff,
    0xff, 0xff, 0xff, 0xff, 0xff, 0xff, 0x91, 0x0,
    0xaf, 0xff, 0xff, 0xff, 0xff, 0xff, 0xff, 0xff,
    0xfd, 0x10, 0xaf, 0xff, 0xf0, 0x0, 0x0, 0x1,
    0x4b, 0xff, 0xff, 0xc0, 0xaf, 0xff, 0xf0, 0x0,
    0x0, 0x0, 0x0, 0xbf, 0xff, 0xf3, 0xaf, 0xff,
    0xf0, 0x0, 0x0, 0x0, 0x0, 0x5f, 0xff, 0xf7,
    0xaf, 0xff, 0xf0, 0x0, 0x0, 0x0, 0x0, 0x4f,
    0xff, 0xf8, 0xaf, 0xff, 0xf0, 0x0, 0x0, 0x0,
    0x0, 0x9f, 0xff, 0xf6, 0xaf, 0xff, 0xf0, 0x0,
    0x0, 0x0, 0x7, 0xff, 0xff, 0xf2, 0xaf, 0xff,
    0xfd, 0xdd, 0xdd, 0xde, 0xff, 0xff, 0xff, 0xb0,
    0xaf, 0xff, 0xff, 0xff, 0xff, 0xff, 0xff, 0xff,
    0xff, 0x20, 0xaf, 0xff, 0xff, 0xff, 0xff, 0xff,
    0xff, 0xff, 0xe3, 0x0, 0xaf, 0xff, 0xff, 0xff,
    0xff, 0xff, 0xfe, 0xb6, 0x0, 0x0,

    /* U+0043 "C" */
    0x0, 0x0, 0x0, 0x16, 0xad, 0xef, 0xec, 0x82,
    0x0, 0x0, 0x0, 0x0, 0x0, 0x7f, 0xff, 0xff,
    0xff, 0xff, 0xfa, 0x10, 0x0, 0x0, 0x1, 0xcf,
    0xff, 0xff, 0xff, 0xff, 0xff, 0xfe, 0x20, 0x0,
    0x0, 0xdf, 0xff, 0xff, 0xff, 0xff, 0xff, 0xff,
    0xfe, 0x10, 0x0, 0x9f, 0xff, 0xff, 0x82, 0x0,
    0x3a, 0xff, 0xff, 0xf9, 0x0, 0x2f, 0xff, 0xfe,
    0x30, 0x0, 0x0, 0x6, 0xff, 0xff, 0xf0, 0x9,
    0xff, 0xff, 0x50, 0x0, 0x0, 0x0, 0xa, 0xff,
    0xfc, 0x30, 0xef, 0xff, 0xd0, 0x0, 0x0, 0x0,
    0x0, 0x37, 0x40, 0x0, 0x2f, 0xff, 0xf9, 0x0,
    0x0, 0x0, 0x0, 0x0, 0x0, 0x0, 0x5, 0xff,
    0xff, 0x60, 0x0, 0x0, 0x0, 0x0, 0x0, 0x0,
    0x0, 0x6f, 0xff, 0xf5, 0x0, 0x0, 0x0, 0x0,
    0x0, 0x0, 0x0, 0x7, 0xff, 0xff, 0x40, 0x0,
    0x0, 0x0, 0x0, 0x0, 0x0, 0x0, 0x6f, 0xff,
    0xf5, 0x0, 0x0, 0x0, 0x0, 0x0, 0x0, 0x0,
    0x5, 0xff, 0xff, 0x60, 0x0, 0x0, 0x0, 0x0,
    0x0, 0x0, 0x0, 0x3f, 0xff, 0xf9, 0x0, 0x0,
    0x0, 0x0, 0x1, 0x72, 0x0, 0x0, 0xff, 0xff,
    0xe0, 0x0, 0x0, 0x0, 0x0, 0x5f, 0xfd, 0x82,
    0xa, 0xff, 0xff, 0x50, 0x0, 0x0, 0x0, 0xc,
    0xff, 0xff, 0x30, 0x3f, 0xff, 0xfe, 0x20, 0x0,
    0x0, 0x8, 0xff, 0xff, 0xd0, 0x0, 0xaf, 0xff,
    0xff, 0x72, 0x0, 0x3a, 0xff, 0xff, 0xf5, 0x0,
    0x0, 0xdf, 0xff, 0xff, 0xff, 0xff, 0xff, 0xff,
    0xfa, 0x0, 0x0, 0x1, 0xcf, 0xff, 0xff, 0xff,
    0xff, 0xff, 0xfc, 0x0, 0x0, 0x0, 0x0, 0x8f,
    0xff, 0xff, 0xff, 0xff, 0xf8, 0x0, 0x0, 0x0,
    0x0, 0x0, 0x17, 0xbe, 0xff, 0xeb, 0x71, 0x0,
    0x0, 0x0,

    /* U+0044 "D" */
    0xbf, 0xff, 0xff, 0xff, 0xff, 0xfd, 0xb6, 0x0,
    0x0, 0x0, 0xbf, 0xff, 0xff, 0xff, 0xff, 0xff,
    0xff, 0xe5, 0x0, 0x0, 0xbf, 0xff, 0xff, 0xff,
    0xff, 0xff, 0xff, 0xff, 0x70, 0x0, 0xbf, 0xff,
    0xfe, 0xee, 0xef, 0xff, 0xff, 0xff, 0xf4, 0x0,
    0xbf, 0xff, 0xf0, 0x0, 0x0, 0x15, 0xdf, 0xff,
    0xfe, 0x0, 0xbf, 0xff, 0xf0, 0x0, 0x0, 0x0,
    0xc, 0xff, 0xff, 0x60, 0xbf, 0xff, 0xf0, 0x0,
    0x0, 0x0, 0x2, 0xff, 0xff, 0xd0, 0xbf, 0xff,
    0xf0, 0x0, 0x0, 0x0, 0x0, 0xbf, 0xff, 0xf1,
    0xbf, 0xff, 0xf0, 0x0, 0x0, 0x0, 0x0, 0x7f,
    0xff, 0xf4, 0xbf, 0xff, 0xf0, 0x0, 0x0, 0x0,
    0x0, 0x5f, 0xff, 0xf6, 0xbf, 0xff, 0xf0, 0x0,
    0x0, 0x0, 0x0, 0x4f, 0xff, 0xf7, 0xbf, 0xff,
    0xf0, 0x0, 0x0, 0x0, 0x0, 0x4f, 0xff, 0xf8,
    0xbf, 0xff, 0xf0, 0x0, 0x0, 0x0, 0x0, 0x4f,
    0xff, 0xf7, 0xbf, 0xff, 0xf0, 0x0, 0x0, 0x0,
    0x0, 0x5f, 0xff, 0xf6, 0xbf, 0xff, 0xf0, 0x0,
    0x0, 0x0, 0x0, 0x7f, 0xff, 0xf4, 0xbf, 0xff,
    0xf0, 0x0, 0x0, 0x0, 0x0, 0xaf, 0xff, 0xf1,
    0xbf, 0xff, 0xf0, 0x0, 0x0, 0x0, 0x1, 0xff,
    0xff, 0xd0, 0xbf, 0xff, 0xf0, 0x0, 0x0, 0x0,
    0x9, 0xff, 0xff, 0x60, 0xbf, 0xff, 0xf0, 0x0,
    0x0, 0x3, 0xaf, 0xff, 0xfe, 0x0, 0xbf, 0xff,
    0xfd, 0xdd, 0xde, 0xff, 0xff, 0xff, 0xf4, 0x0,
    0xbf, 0xff, 0xff, 0xff, 0xff, 0xff, 0xff, 0xff,
    0x70, 0x0, 0xbf, 0xff, 0xff, 0xff, 0xff, 0xff,
    0xff, 0xe5, 0x0, 0x0, 0xbf, 0xff, 0xff, 0xff,
    0xff, 0xfd, 0xa5, 0x0, 0x0, 0x0,

    /* U+0045 "E" */
    0xaf, 0xff, 0xff, 0xff, 0xff, 0xff, 0xff, 0xff,
    0xf5, 0xaf, 0xff, 0xff, 0xff, 0xff, 0xff, 0xff,
    0xff, 0xf5, 0xaf, 0xff, 0xff, 0xff, 0xff, 0xff,
    0xff, 0xff, 0xf5, 0xaf, 0xff, 0xfe, 0xee, 0xee,
    0xee, 0xee, 0xee, 0xe4, 0xaf, 0xff, 0xf0, 0x0,
    0x0, 0x0, 0x0, 0x0, 0x0, 0xaf, 0xff, 0xf0,
    0x0, 0x0, 0x0, 0x0, 0x0, 0x0, 0xaf, 0xff,
    0xf0, 0x0, 0x0, 0x0, 0x0, 0x0, 0x0, 0xaf,
    0xff, 0xf0, 0x0, 0x0, 0x0, 0x0, 0x0, 0x0,
    0xaf, 0xff, 0xf0, 0x0, 0x0, 0x0, 0x0, 0x0,
    0x0, 0xaf, 0xff, 0xff, 0xff, 0xff, 0xff, 0xff,
    0xff, 0x70, 0xaf, 0xff, 0xff, 0xff, 0xff, 0xff,
    0xff, 0xff, 0x70, 0xaf, 0xff, 0xff, 0xff, 0xff,
    0xff, 0xff, 0xff, 0x70, 0xaf, 0xff, 0xfe, 0xee,
    0xee, 0xee, 0xee, 0xee, 0x60, 0xaf, 0xff, 0xf0,
    0x0, 0x0, 0x0, 0x0, 0x0, 0x0, 0xaf, 0xff,
    0xf0, 0x0, 0x0, 0x0, 0x0, 0x0, 0x0, 0xaf,
    0xff, 0xf0, 0x0, 0x0, 0x0, 0x0, 0x0, 0x0,
    0xaf, 0xff, 0xf0, 0x0, 0x0, 0x0, 0x0, 0x0,
    0x0, 0xaf, 0xff, 0xf0, 0x0, 0x0, 0x0, 0x0,
    0x0, 0x0, 0xaf, 0xff, 0xf0, 0x0, 0x0, 0x0,
    0x0, 0x0, 0x0, 0xaf, 0xff, 0xfd, 0xdd, 0xdd,
    0xdd, 0xdd, 0xdd, 0xda, 0xaf, 0xff, 0xff, 0xff,
    0xff, 0xff, 0xff, 0xff, 0xfc, 0xaf, 0xff, 0xff,
    0xff, 0xff, 0xff, 0xff, 0xff, 0xfc, 0xaf, 0xff,
    0xff, 0xff, 0xff, 0xff, 0xff, 0xff, 0xfc,

    /* U+0046 "F" */
    0xaf, 0xff, 0xff, 0xff, 0xff, 0xff, 0xff, 0xff,
    0x1a, 0xff, 0xff, 0xff, 0xff, 0xff, 0xff, 0xff,
    0xf1, 0xaf, 0xff, 0xff, 0xff, 0xff, 0xff, 0xff,
    0xff, 0x1a, 0xff, 0xff, 0xee, 0xee, 0xee, 0xee,
    0xee, 0xe0, 0xaf, 0xff, 0xf0, 0x0, 0x0, 0x0,
    0x0, 0x0, 0xa, 0xff, 0xff, 0x0, 0x0, 0x0,
    0x0, 0x0, 0x0, 0xaf, 0xff, 0xf0, 0x0, 0x0,
    0x0, 0x0, 0x0, 0xa, 0xff, 0xff, 0x0, 0x0,
    0x0, 0x0, 0x0, 0x0, 0xaf, 0xff, 0xf0, 0x0,
    0x0, 0x0, 0x0, 0x0, 0xa, 0xff, 0xff, 0xee,
    0xee, 0xee, 0xee, 0xe7, 0x0, 0xaf, 0xff, 0xff,
    0xff, 0xff, 0xff, 0xff, 0x80, 0xa, 0xff, 0xff,
    0xff, 0xff, 0xff, 0xff, 0xf8, 0x0, 0xaf, 0xff,
    0xff, 0xff, 0xff, 0xff, 0xff, 0x80, 0xa, 0xff,
    0xff, 0x0, 0x0, 0x0, 0x0, 0x0, 0x0, 0xaf,
    0xff, 0xf0, 0x0, 0x0, 0x0, 0x0, 0x0, 0xa,
    0xff, 0xff, 0x0, 0x0, 0x0, 0x0, 0x0, 0x0,
    0xaf, 0xff, 0xf0, 0x0, 0x0, 0x0, 0x0, 0x0,
    0xa, 0xff, 0xff, 0x0, 0x0, 0x0, 0x0, 0x0,
    0x0, 0xaf, 0xff, 0xf0, 0x0, 0x0, 0x0, 0x0,
    0x0, 0xa, 0xff, 0xff, 0x0, 0x0, 0x0, 0x0,
    0x0, 0x0, 0xaf, 0xff, 0xf0, 0x0, 0x0, 0x0,
    0x0, 0x0, 0xa, 0xff, 0xff, 0x0, 0x0, 0x0,
    0x0, 0x0, 0x0, 0xaf, 0xff, 0xf0, 0x0, 0x0,
    0x0, 0x0, 0x0, 0x0,

    /* U+0047 "G" */
    0x0, 0x0, 0x0, 0x5, 0x9c, 0xef, 0xfe, 0xc9,
    0x40, 0x0, 0x0, 0x0, 0x0, 0x5, 0xef, 0xff,
    0xff, 0xff, 0xff, 0xfd, 0x40, 0x0, 0x0, 0x0,
    0xaf, 0xff, 0xff, 0xff, 0xff, 0xff, 0xff, 0xf7,
    0x0, 0x0, 0xa, 0xff, 0xff, 0xff, 0xff, 0xff,
    0xff, 0xff, 0xff, 0x50, 0x0, 0x7f, 0xff, 0xff,
    0xc5, 0x10, 0x2, 0x8e, 0xff, 0xff, 0xe0, 0x1,
    0xff, 0xff, 0xf7, 0x0, 0x0, 0x0, 0x2, 0xdf,
    0xff, 0xf5, 0x8, 0xff, 0xff, 0x80, 0x0, 0x0,
    0x0, 0x0, 0x4f, 0xec, 0x94, 0xe, 0xff, 0xff,
    0x0, 0x0, 0x0, 0x0, 0x0, 0x1, 0x0, 0x0,
    0x2f, 0xff, 0xfa, 0x0, 0x0, 0x0, 0x0, 0x0,
    0x0, 0x0, 0x0, 0x5f, 0xff, 0xf6, 0x0, 0x0,
    0x0, 0x0, 0x0, 0x0, 0x0, 0x0, 0x6f, 0xff,
    0xf5, 0x0, 0x0, 0x0, 0xdd, 0xdd, 0xdd, 0xdd,
    0xdd, 0x7f, 0xff, 0xf5, 0x0, 0x0, 0x0, 0xff,
    0xff, 0xff, 0xff, 0xff, 0x6f, 0xff, 0xf5, 0x0,
    0x0, 0x0, 0xff, 0xff, 0xff, 0xff, 0xff, 0x4f,
    0xff, 0xf8, 0x0, 0x0, 0x0, 0xff, 0xff, 0xff,
    0xff, 0xff, 0x1f, 0xff, 0xfb, 0x0, 0x0, 0x0,
    0x0, 0x0, 0xb, 0xff, 0xff, 0xd, 0xff, 0xff,
    0x10, 0x0, 0x0, 0x0, 0x0, 0xb, 0xff, 0xff,
    0x7, 0xff, 0xff, 0xa0, 0x0, 0x0, 0x0, 0x0,
    0xb, 0xff, 0xff, 0x1, 0xff, 0xff, 0xf9, 0x0,
    0x0, 0x0, 0x0, 0x7f, 0xff, 0xff, 0x0, 0x7f,
    0xff, 0xff, 0xd5, 0x10, 0x2, 0x7e, 0xff, 0xff,
    0xff, 0x0, 0xa, 0xff, 0xff, 0xff, 0xff, 0xff,
    0xff, 0xff, 0xff, 0xfc, 0x0, 0x0, 0x9f, 0xff,
    0xff, 0xff, 0xff, 0xff, 0xff, 0xff, 0x80, 0x0,
    0x0, 0x4, 0xdf, 0xff, 0xff, 0xff, 0xff, 0xff,
    0x92, 0x0, 0x0, 0x0, 0x0, 0x3, 0x8c, 0xef,
    0xfe, 0xc9, 0x50, 0x0, 0x0,

    /* U+0048 "H" */
    0xaf, 0xff, 0xf0, 0x0, 0x0, 0x0, 0x0, 0xff,
    0xff, 0xaa, 0xff, 0xff, 0x0, 0x0, 0x0, 0x0,
    0xf, 0xff, 0xfa, 0xaf, 0xff, 0xf0, 0x0, 0x0,
    0x0, 0x0, 0xff, 0xff, 0xaa, 0xff, 0xff, 0x0,
    0x0, 0x0, 0x0, 0xf, 0xff, 0xfa, 0xaf, 0xff,
    0xf0, 0x0, 0x0, 0x0, 0x0, 0xff, 0xff, 0xaa,
    0xff, 0xff, 0x0, 0x0, 0x0, 0x0, 0xf, 0xff,
    0xfa, 0xaf, 0xff, 0xf0, 0x0, 0x0, 0x0, 0x0,
    0xff, 0xff, 0xaa, 0xff, 0xff, 0x0, 0x0, 0x0,
    0x0, 0xf, 0xff, 0xfa, 0xaf, 0xff, 0xf0, 0x0,
    0x0, 0x0, 0x0, 0xff, 0xff, 0xaa, 0xff, 0xff,
    0xee, 0xee, 0xee, 0xee, 0xef, 0xff, 0xfa, 0xaf,
    0xff, 0xff, 0xff, 0xff, 0xff, 0xff, 0xff, 0xff,
    0xaa, 0xff, 0xff, 0xff, 0xff, 0xff, 0xff, 0xff,
    0xff, 0xfa, 0xaf, 0xff, 0xff, 0xff, 0xff, 0xff,
    0xff, 0xff, 0xff, 0xaa, 0xff, 0xff, 0x0, 0x0,
    0x0, 0x0, 0xf, 0xff, 0xfa, 0xaf, 0xff, 0xf0,
    0x0, 0x0, 0x0, 0x0, 0xff, 0xff, 0xaa, 0xff,
    0xff, 0x0, 0x0, 0x0, 0x0, 0xf, 0xff, 0xfa,
    0xaf, 0xff, 0xf0, 0x0, 0x0, 0x0, 0x0, 0xff,
    0xff, 0xaa, 0xff, 0xff, 0x0, 0x0, 0x0, 0x0,
    0xf, 0xff, 0xfa, 0xaf, 0xff, 0xf0, 0x0, 0x0,
    0x0, 0x0, 0xff, 0xff, 0xaa, 0xff, 0xff, 0x0,
    0x0, 0x0, 0x0, 0xf, 0xff, 0xfa, 0xaf, 0xff,
    0xf0, 0x0, 0x0, 0x0, 0x0, 0xff, 0xff, 0xaa,
    0xff, 0xff, 0x0, 0x0, 0x0, 0x0, 0xf, 0xff,
    0xfa, 0xaf, 0xff, 0xf0, 0x0, 0x0, 0x0, 0x0,
    0xff, 0xff, 0xa0,

    /* U+0049 "I" */
    0xdf, 0xff, 0xdd, 0xff, 0xfd, 0xdf, 0xff, 0xdd,
    0xff, 0xfd, 0xdf, 0xff, 0xdd, 0xff, 0xfd, 0xdf,
    0xff, 0xdd, 0xff, 0xfd, 0xdf, 0xff, 0xdd, 0xff,
    0xfd, 0xdf, 0xff, 0xdd, 0xff, 0xfd, 0xdf, 0xff,
    0xdd, 0xff, 0xfd, 0xdf, 0xff, 0xdd, 0xff, 0xfd,
    0xdf, 0xff, 0xdd, 0xff, 0xfd, 0xdf, 0xff, 0xdd,
    0xff, 0xfd, 0xdf, 0xff, 0xdd, 0xff, 0xfd, 0xdf,
    0xff, 0xd0,

    /* U+004A "J" */
    0x0, 0x0, 0x0, 0x0, 0x0, 0x6f, 0xff, 0xf3,
    0x0, 0x0, 0x0, 0x0, 0x0, 0x6f, 0xff, 0xf3,
    0x0, 0x0, 0x0, 0x0, 0x0, 0x6f, 0xff, 0xf3,
    0x0, 0x0, 0x0, 0x0, 0x0, 0x6f, 0xff, 0xf3,
    0x0, 0x0, 0x0, 0x0, 0x0, 0x6f, 0xff, 0xf3,
    0x0, 0x0, 0x0, 0x0, 0x0, 0x6f, 0xff, 0xf3,
    0x0, 0x0, 0x0, 0x0, 0x0, 0x6f, 0xff, 0xf3,
    0x0, 0x0, 0x0, 0x0, 0x0, 0x6f, 0xff, 0xf3,
    0x0, 0x0, 0x0, 0x0, 0x0, 0x6f, 0xff, 0xf3,
    0x0, 0x0, 0x0, 0x0, 0x0, 0x6f, 0xff, 0xf3,
    0x0, 0x0, 0x0, 0x0, 0x0, 0x6f, 0xff, 0xf3,
    0x0, 0x0, 0x0, 0x0, 0x0, 0x6f, 0xff, 0xf3,
    0x0, 0x0, 0x0, 0x0, 0x0, 0x6f, 0xff, 0xf3,
    0x0, 0x0, 0x0, 0x0, 0x0, 0x6f, 0xff, 0xf3,
    0x0, 0x0, 0x0, 0x0, 0x0, 0x6f, 0xff, 0xf3,
    0x38, 0xab, 0xc0, 0x0, 0x0, 0x7f, 0xff, 0xf2,
    0x6f, 0xff, 0xf0, 0x0, 0x0, 0x8f, 0xff, 0xf1,
    0x4f, 0xff, 0xf5, 0x0, 0x0, 0xcf, 0xff, 0xf0,
    0xf, 0xff, 0xfe, 0x40, 0x17, 0xff, 0xff, 0xb0,
    0xa, 0xff, 0xff, 0xff, 0xff, 0xff, 0xff, 0x40,
    0x2, 0xff, 0xff, 0xff, 0xff, 0xff, 0xfa, 0x0,
    0x0, 0x3e, 0xff, 0xff, 0xff, 0xff, 0x90, 0x0,
    0x0, 0x0, 0x7c, 0xef, 0xfd, 0x93, 0x0, 0x0,

    /* U+004B "K" */
    0x9f, 0xff, 0xf0, 0x0, 0x0, 0x0, 0x2, 0xef,
    0xff, 0xfe, 0x20, 0x9f, 0xff, 0xf0, 0x0, 0x0,
    0x0, 0x1e, 0xff, 0xff, 0xe3, 0x0, 0x9f, 0xff,
    0xf0, 0x0, 0x0, 0x1, 0xdf, 0xff, 0xff, 0x30,
    0x0, 0x9f, 0xff, 0xf0, 0x0, 0x0, 0xc, 0xff,
    0xff, 0xf3, 0x0, 0x0, 0x9f, 0xff, 0xf0, 0x0,
    0x0, 0xbf, 0xff, 0xff, 0x40, 0x0, 0x0, 0x9f,
    0xff, 0xf0, 0x0, 0xa, 0xff, 0xff, 0xf4, 0x0,
    0x0, 0x0, 0x9f, 0xff, 0xf0, 0x0, 0x9f, 0xff,
    0xff, 0x50, 0x0, 0x0, 0x0, 0x9f, 0xff, 0xf0,
    0x8, 0xff, 0xff, 0xf5, 0x0, 0x0, 0x0, 0x0,
    0x9f, 0xff, 0xf0, 0x6f, 0xff, 0xff, 0x60, 0x0,
    0x0, 0x0, 0x0, 0x9f, 0xff, 0xf5, 0xff, 0xff,
    0xff, 0x40, 0x0, 0x0, 0x0, 0x0, 0x9f, 0xff,
    0xff, 0xff, 0xff, 0xff, 0xe0, 0x0, 0x0, 0x0,
    0x0, 0x9f, 0xff, 0xff, 0xff, 0xff, 0xff, 0xf9,
    0x0, 0x0, 0x0, 0x0, 0x9f, 0xff, 0xff, 0xff,
    0x8f, 0xff, 0xff, 0x40, 0x0, 0x0, 0x0, 0x9f,
    0xff, 0xff, 0xf7, 0x7, 0xff, 0xff, 0xd0, 0x0,
    0x0, 0x0, 0x9f, 0xff, 0xff, 0x80, 0x0, 0xdf,
    0xff, 0xf8, 0x0, 0x0, 0x0, 0x9f, 0xff, 0xf8,
    0x0, 0x0, 0x5f, 0xff, 0xff, 0x30, 0x0, 0x0,
    0x9f, 0xff, 0xf0, 0x0, 0x0, 0xb, 0xff, 0xff,
    0xd0, 0x0, 0x0, 0x9f, 0xff, 0xf0, 0x0, 0x0,
    0x2, 0xff, 0xff, 0xf7, 0x0, 0x0, 0x9f, 0xff,
    0xf0, 0x0, 0x0, 0x0, 0x9f, 0xff, 0xff, 0x20,
    0x0, 0x9f, 0xff, 0xf0, 0x0, 0x0, 0x0, 0x1e,
    0xff, 0xff, 0xc0, 0x0, 0x9f, 0xff, 0xf0, 0x0,
    0x0, 0x0, 0x6, 0xff, 0xff, 0xf6, 0x0, 0x9f,
    0xff, 0xf0, 0x0, 0x0, 0x0, 0x0, 0xcf, 0xff,
    0xff, 0x10, 0x9f, 0xff, 0xf0, 0x0, 0x0, 0x0,
    0x0, 0x3f, 0xff, 0xff, 0xb0,

    /* U+004C "L" */
    0x8f, 0xff, 0xf1, 0x0, 0x0, 0x0, 0x0, 0x0,
    0x8, 0xff, 0xff, 0x10, 0x0, 0x0, 0x0, 0x0,
    0x0, 0x8f, 0xff, 0xf1, 0x0, 0x0, 0x0, 0x0,
    0x0, 0x8, 0xff, 0xff, 0x10, 0x0, 0x0, 0x0,
    0x0, 0x0, 0x8f, 0xff, 0xf1, 0x0, 0x0, 0x0,
    0x0, 0x0, 0x8, 0xff, 0xff, 0x10, 0x0, 0x0,
    0x0, 0x0, 0x0, 0x8f, 0xff, 0xf1, 0x0, 0x0,
    0x0, 0x0, 0x0, 0x8, 0xff, 0xff, 0x10, 0x0,
    0x0, 0x0, 0x0, 0x0, 0x8f, 0xff, 0xf1, 0x0,
    0x0, 0x0, 0x0, 0x0, 0x8, 0xff, 0xff, 0x10,
    0x0, 0x0, 0x0, 0x0, 0x0, 0x8f, 0xff, 0xf1,
    0x0, 0x0, 0x0, 0x0, 0x0, 0x8, 0xff, 0xff,
    0x10, 0x0, 0x0, 0x0, 0x0, 0x0, 0x8f, 0xff,
    0xf1, 0x0, 0x0, 0x0, 0x0, 0x0, 0x8, 0xff,
    0xff, 0x10, 0x0, 0x0, 0x0, 0x0, 0x0, 0x8f,
    0xff, 0xf1, 0x0, 0x0, 0x0, 0x0, 0x0, 0x8,
    0xff, 0xff, 0x10, 0x0, 0x0, 0x0, 0x0, 0x0,
    0x8f, 0xff, 0xf1, 0x0, 0x0, 0x0, 0x0, 0x0,
    0x8, 0xff, 0xff, 0x10, 0x0, 0x0, 0x0, 0x0,
    0x0, 0x8f, 0xff, 0xf1, 0x0, 0x0, 0x0, 0x0,
    0x0, 0x8, 0xff, 0xff, 0xdd, 0xdd, 0xdd, 0xdd,
    0xdd, 0xd7, 0x8f, 0xff, 0xff, 0xff, 0xff, 0xff,
    0xff, 0xff, 0x98, 0xff, 0xff, 0xff, 0xff, 0xff,
    0xff, 0xff, 0xf9, 0x8f, 0xff, 0xff, 0xff, 0xff,
    0xff, 0xff, 0xff, 0x90,

    /* U+004D "M" */
    0xbf, 0xff, 0xff, 0xf5, 0x0, 0x0, 0x0, 0xa,
    0xff, 0xff, 0xff, 0x6b, 0xff, 0xff, 0xff, 0x90,
    0x0, 0x0, 0x0, 0xef, 0xff, 0xff, 0xf6, 0xbf,
    0xff, 0xff, 0xfd, 0x0, 0x0, 0x0, 0x3f, 0xff,
    0xff, 0xff, 0x6b, 0xff, 0xff, 0xff, 0xf1, 0x0,
    0x0, 0x7, 0xff, 0xff, 0xff, 0xf6, 0xbf, 0xff,
    0xff, 0xff, 0x60, 0x0, 0x0, 0xbf, 0xff, 0xff,
    0xff, 0x6b, 0xff, 0xfd, 0xff, 0xfa, 0x0, 0x0,
    0xf, 0xff, 0xee, 0xff, 0xf6, 0xbf, 0xff, 0x9f,
    0xff, 0xe0, 0x0, 0x4, 0xff, 0xfb, 0xef, 0xff,
    0x6b, 0xff, 0xf9, 0xcf, 0xff, 0x20, 0x0, 0x8f,
    0xff, 0x7e, 0xff, 0xf6, 0xbf, 0xff, 0x98, 0xff,
    0xf7, 0x0, 0xc, 0xff, 0xf2, 0xef, 0xff, 0x6b,
    0xff, 0xf9, 0x4f, 0xff, 0xb0, 0x0, 0xff, 0xfe,
    0xe, 0xff, 0xf6, 0xbf, 0xff, 0x90, 0xff, 0xff,
    0x0, 0x4f, 0xff, 0xa0, 0xef, 0xff, 0x6b, 0xff,
    0xf9, 0xc, 0xff, 0xf3, 0x8, 0xff, 0xf6, 0xe,
    0xff, 0xf6, 0xbf, 0xff, 0x90, 0x8f, 0xff, 0x70,
    0xdf, 0xff, 0x20, 0xef, 0xff, 0x6b, 0xff, 0xf9,
    0x4, 0xff, 0xfc, 0x1f, 0xff, 0xe0, 0xe, 0xff,
    0xf6, 0xbf, 0xff, 0x90, 0xf, 0xff, 0xf6, 0xff,
    0xfa, 0x0, 0xef, 0xff, 0x6b, 0xff, 0xf9, 0x0,
    0xcf, 0xff, 0xef, 0xff, 0x60, 0xe, 0xff, 0xf6,
    0xbf, 0xff, 0x90, 0x8, 0xff, 0xff, 0xff, 0xf2,
    0x0, 0xef, 0xff, 0x6b, 0xff, 0xf9, 0x0, 0x4f,
    0xff, 0xff, 0xfe, 0x0, 0xe, 0xff, 0xf6, 0xbf,
    0xff, 0x90, 0x0, 0xff, 0xff, 0xff, 0xa0, 0x0,
    0xef, 0xff, 0x6b, 0xff, 0xf9, 0x0, 0xc, 0xff,
    0xff, 0xf6, 0x0, 0xe, 0xff, 0xf6, 0xbf, 0xff,
    0x90, 0x0, 0x8f, 0xff, 0xff, 0x20, 0x0, 0xef,
    0xff, 0x6b, 0xff, 0xf9, 0x0, 0x4, 0xff, 0xff,
    0xe0, 0x0, 0xe, 0xff, 0xf6, 0xbf, 0xff, 0x90,
    0x0, 0xf, 0xff, 0xfa, 0x0, 0x0, 0xef, 0xff,
    0x60,

    /* U+004E "N" */
    0xaf, 0xff, 0xf3, 0x0, 0x0, 0x0, 0x0, 0xcf,
    0xff, 0x8a, 0xff, 0xff, 0xc0, 0x0, 0x0, 0x0,
    0xc, 0xff, 0xf8, 0xaf, 0xff, 0xff, 0x60, 0x0,
    0x0, 0x0, 0xcf, 0xff, 0x8a, 0xff, 0xff, 0xfe,
    0x10, 0x0, 0x0, 0xc, 0xff, 0xf8, 0xaf, 0xff,
    0xff, 0xf9, 0x0, 0x0, 0x0, 0xcf, 0xff, 0x8a,
    0xff, 0xff, 0xff, 0xf3, 0x0, 0x0, 0xc, 0xff,
    0xf8, 0xaf, 0xff, 0xff, 0xff, 0xd0, 0x0, 0x0,
    0xcf, 0xff, 0x8a, 0xff, 0xff, 0xff, 0xff, 0x70,
    0x0, 0xc, 0xff, 0xf8, 0xaf, 0xff, 0xce, 0xff,
    0xff, 0x10, 0x0, 0xcf, 0xff, 0x8a, 0xff, 0xfa,
    0x6f, 0xff, 0xfa, 0x0, 0xc, 0xff, 0xf8, 0xaf,
    0xff, 0xa0, 0xcf, 0xff, 0xf4, 0x0, 0xcf, 0xff,
    0x8a, 0xff, 0xfa, 0x3, 0xff, 0xff, 0xd0, 0xc,
    0xff, 0xf8, 0xaf, 0xff, 0xa0, 0x8, 0xff, 0xff,
    0x80, 0xcf, 0xff, 0x8a, 0xff, 0xfa, 0x0, 0xe,
    0xff, 0xff, 0x2c, 0xff, 0xf8, 0xaf, 0xff, 0xa0,
    0x0, 0x5f, 0xff, 0xfb, 0xcf, 0xff, 0x8a, 0xff,
    0xfa, 0x0, 0x0, 0xbf, 0xff, 0xff, 0xff, 0xf8,
    0xaf, 0xff, 0xa0, 0x0, 0x2, 0xff, 0xff, 0xff,
    0xff, 0x8a, 0xff, 0xfa, 0x0, 0x0, 0x7, 0xff,
    0xff, 0xff, 0xf8, 0xaf, 0xff, 0xa0, 0x0, 0x0,
    0xd, 0xff, 0xff, 0xff, 0x8a, 0xff, 0xfa, 0x0,
    0x0, 0x0, 0x4f, 0xff, 0xff, 0xf8, 0xaf, 0xff,
    0xa0, 0x0, 0x0, 0x0, 0xaf, 0xff, 0xff, 0x8a,
    0xff, 0xfa, 0x0, 0x0, 0x0, 0x1, 0xef, 0xff,
    0xf8, 0xaf, 0xff, 0xa0, 0x0, 0x0, 0x0, 0x6,
    0xff, 0xff, 0x80,

    /* U+004F "O" */
    0x0, 0x0, 0x0, 0x16, 0xad, 0xef, 0xed, 0xa5,
    0x0, 0x0, 0x0, 0x0, 0x0, 0x0, 0x9f, 0xff,
    0xff, 0xff, 0xff, 0xfe, 0x70, 0x0, 0x0, 0x0,
    0x2, 0xdf, 0xff, 0xff, 0xff, 0xff, 0xff, 0xff,
    0xc1, 0x0, 0x0, 0x1, 0xdf, 0xff, 0xff, 0xff,
    0xff, 0xff, 0xff, 0xff, 0xd0, 0x0, 0x0, 0xbf,
    0xff, 0xff, 0xa4, 0x0, 0x4, 0xaf, 0xff, 0xff,
    0xb0, 0x0, 0x5f, 0xff, 0xff, 0x50, 0x0, 0x0,
    0x0, 0x4f, 0xff, 0xff, 0x40, 0xc, 0xff, 0xff,
    0x60, 0x0, 0x0, 0x0, 0x0, 0x6f, 0xff, 0xfb,
    0x1, 0xff, 0xff, 0xd0, 0x0, 0x0, 0x0, 0x0,
    0x0, 0xdf, 0xff, 0xf0, 0x5f, 0xff, 0xf8, 0x0,
    0x0, 0x0, 0x0, 0x0, 0x8, 0xff, 0xff, 0x47,
    0xff, 0xff, 0x50, 0x0, 0x0, 0x0, 0x0, 0x0,
    0x5f, 0xff, 0xf7, 0x9f, 0xff, 0xf3, 0x0, 0x0,
    0x0, 0x0, 0x0, 0x3, 0xff, 0xff, 0x89, 0xff,
    0xff, 0x20, 0x0, 0x0, 0x0, 0x0, 0x0, 0x3f,
    0xff, 0xf9, 0x8f, 0xff, 0xf3, 0x0, 0x0, 0x0,
    0x0, 0x0, 0x3, 0xff, 0xff, 0x87, 0xff, 0xff,
    0x50, 0x0, 0x0, 0x0, 0x0, 0x0, 0x5f, 0xff,
    0xf7, 0x5f, 0xff, 0xf8, 0x0, 0x0, 0x0, 0x0,
    0x0, 0x9, 0xff, 0xff, 0x41, 0xff, 0xff, 0xe0,
    0x0, 0x0, 0x0, 0x0, 0x0, 0xef, 0xff, 0xf1,
    0xc, 0xff, 0xff, 0x70, 0x0, 0x0, 0x0, 0x0,
    0x7f, 0xff, 0xfc, 0x0, 0x4f, 0xff, 0xff, 0x60,
    0x0, 0x0, 0x0, 0x6f, 0xff, 0xff, 0x40, 0x0,
    0xbf, 0xff, 0xff, 0xb4, 0x0, 0x4, 0xbf, 0xff,
    0xff, 0xb0, 0x0, 0x1, 0xef, 0xff, 0xff, 0xff,
    0xff, 0xff, 0xff, 0xff, 0xe1, 0x0, 0x0, 0x2,
    0xdf, 0xff, 0xff, 0xff, 0xff, 0xff, 0xff, 0xc1,
    0x0, 0x0, 0x0, 0x0, 0x8f, 0xff, 0xff, 0xff,
    0xff, 0xff, 0x80, 0x0, 0x0, 0x0, 0x0, 0x0,
    0x16, 0xad, 0xef, 0xed, 0xa6, 0x10, 0x0, 0x0,
    0x0,

    /* U+0050 "P" */
    0xaf, 0xff, 0xff, 0xff, 0xff, 0xfe, 0xc9, 0x20,
    0x0, 0xaf, 0xff, 0xff, 0xff, 0xff, 0xff, 0xff,
    0xf7, 0x0, 0xaf, 0xff, 0xff, 0xff, 0xff, 0xff,
    0xff, 0xff, 0x70, 0xaf, 0xff, 0xfe, 0xee, 0xef,
    0xff, 0xff, 0xff, 0xf2, 0xaf, 0xff, 0xf0, 0x0,
    0x0, 0x16, 0xff, 0xff, 0xf8, 0xaf, 0xff, 0xf0,
    0x0, 0x0, 0x0, 0x5f, 0xff, 0xfb, 0xaf, 0xff,
    0xf0, 0x0, 0x0, 0x0, 0xf, 0xff, 0xfd, 0xaf,
    0xff, 0xf0, 0x0, 0x0, 0x0, 0xf, 0xff, 0xfd,
    0xaf, 0xff, 0xf0, 0x0, 0x0, 0x0, 0x5f, 0xff,
    0xfb, 0xaf, 0xff, 0xf0, 0x0, 0x0, 0x16, 0xff,
    0xff, 0xf6, 0xaf, 0xff, 0xfe, 0xee, 0xef, 0xff,
    0xff, 0xff, 0xe1, 0xaf, 0xff, 0xff, 0xff, 0xff,
    0xff, 0xff, 0xff, 0x50, 0xaf, 0xff, 0xff, 0xff,
    0xff, 0xff, 0xff, 0xe5, 0x0, 0xaf, 0xff, 0xff,
    0xff, 0xff, 0xed, 0xb6, 0x10, 0x0, 0xaf, 0xff,
    0xf0, 0x0, 0x0, 0x0, 0x0, 0x0, 0x0, 0xaf,
    0xff, 0xf0, 0x0, 0x0, 0x0, 0x0, 0x0, 0x0,
    0xaf, 0xff, 0xf0, 0x0, 0x0, 0x0, 0x0, 0x0,
    0x0, 0xaf, 0xff, 0xf0, 0x0, 0x0, 0x0, 0x0,
    0x0, 0x0, 0xaf, 0xff, 0xf0, 0x0, 0x0, 0x0,
    0x0, 0x0, 0x0, 0xaf, 0xff, 0xf0, 0x0, 0x0,
    0x0, 0x0, 0x0, 0x0, 0xaf, 0xff, 0xf0, 0x0,
    0x0, 0x0, 0x0, 0x0, 0x0, 0xaf, 0xff, 0xf0,
    0x0, 0x0, 0x0, 0x0, 0x0, 0x0, 0xaf, 0xff,
    0xf0, 0x0, 0x0, 0x0, 0x0, 0x0, 0x0,

    /* U+0051 "Q" */
    0x0, 0x0, 0x0, 0x16, 0xad, 0xef, 0xed, 0xa6,
    0x10, 0x0, 0x0, 0x0, 0x0, 0x0, 0x8, 0xff,
    0xff, 0xff, 0xff, 0xff, 0xf8, 0x0, 0x0, 0x0,
    0x0, 0x2, 0xdf, 0xff, 0xff, 0xff, 0xff, 0xff,
    0xff, 0xd2, 0x0, 0x0, 0x0, 0x1e, 0xff, 0xff,
    0xff, 0xff, 0xff, 0xff, 0xff, 0xfe, 0x10, 0x0,
    0x0, 0xbf, 0xff, 0xff, 0xa4, 0x0, 0x4, 0xaf,
    0xff, 0xff, 0xb0, 0x0, 0x4, 0xff, 0xff, 0xf5,
    0x0, 0x0, 0x0, 0x5, 0xff, 0xff, 0xf4, 0x0,
    0xc, 0xff, 0xff, 0x60, 0x0, 0x0, 0x0, 0x0,
    0x7f, 0xff, 0xfc, 0x0, 0x1f, 0xff, 0xfe, 0x0,
    0x0, 0x0, 0x0, 0x0, 0xe, 0xff, 0xff, 0x10,
    0x5f, 0xff, 0xf8, 0x0, 0x0, 0x0, 0x0, 0x0,
    0x8, 0xff, 0xff, 0x40, 0x7f, 0xff, 0xf5, 0x0,
    0x0, 0x0, 0x0, 0x0, 0x5, 0xff, 0xff, 0x70,
    0x8f, 0xff, 0xf3, 0x0, 0x0, 0x0, 0x0, 0x0,
    0x3, 0xff, 0xff, 0x80, 0x9f, 0xff, 0xf2, 0x0,
    0x0, 0x0, 0x0, 0x0, 0x3, 0xff, 0xff, 0x90,
    0x8f, 0xff, 0xf3, 0x0, 0x0, 0x0, 0x0, 0x0,
    0x3, 0xff, 0xff, 0x80, 0x7f, 0xff, 0xf4, 0x0,
    0x0, 0x0, 0x0, 0x0, 0x5, 0xff, 0xff, 0x70,
    0x5f, 0xff, 0xf8, 0x0, 0x0, 0x0, 0x0, 0x0,
    0x9, 0xff, 0xff, 0x40, 0x1f, 0xff, 0xfd, 0x0,
    0x0, 0x9, 0xb4, 0x0, 0xe, 0xff, 0xff, 0x0,
    0xc, 0xff, 0xff, 0x50, 0x0, 0x2f, 0xff, 0xb1,
    0x6f, 0xff, 0xfb, 0x0, 0x5, 0xff, 0xff, 0xf3,
    0x0, 0x4e, 0xff, 0xff, 0xff, 0xff, 0xf4, 0x0,
    0x0, 0xcf, 0xff, 0xff, 0x82, 0x0, 0x7f, 0xff,
    0xff, 0xff, 0xb0, 0x0, 0x0, 0x1e, 0xff, 0xff,
    0xff, 0xed, 0xff, 0xff, 0xff, 0xff, 0x10, 0x0,
    0x0, 0x2, 0xdf, 0xff, 0xff, 0xff, 0xff, 0xff,
    0xff, 0xff, 0xc3, 0x0, 0x0, 0x0, 0x8, 0xff,
    0xff, 0xff, 0xff, 0xff, 0xff, 0xff, 0xff, 0xc2,
    0x0, 0x0, 0x0, 0x16, 0xad, 0xef, 0xed, 0xa5,
    0x19, 0xff, 0xff, 0xf1, 0x0, 0x0, 0x0, 0x0,
    0x0, 0x0, 0x0, 0x0, 0x0, 0x4d, 0xff, 0x70,
    0x0, 0x0, 0x0, 0x0, 0x0, 0x0, 0x0, 0x0,
    0x0, 0x0, 0x6b, 0x0,

    /* U+0052 "R" */
    0xaf, 0xff, 0xff, 0xff, 0xff, 0xff, 0xec, 0x94,
    0x0, 0x0, 0xa, 0xff, 0xff, 0xff, 0xff, 0xff,
    0xff, 0xff, 0xfb, 0x0, 0x0, 0xaf, 0xff, 0xff,
    0xff, 0xff, 0xff, 0xff, 0xff, 0xfb, 0x0, 0xa,
    0xff, 0xff, 0xee, 0xee, 0xee, 0xff, 0xff, 0xff,
    0xf5, 0x0, 0xaf, 0xff, 0xf0, 0x0, 0x0, 0x0,
    0x2b, 0xff, 0xff, 0xc0, 0xa, 0xff, 0xff, 0x0,
    0x0, 0x0, 0x0, 0x1f, 0xff, 0xff, 0x0, 0xaf,
    0xff, 0xf0, 0x0, 0x0, 0x0, 0x0, 0xbf, 0xff,
    0xf0, 0xa, 0xff, 0xff, 0x0, 0x0, 0x0, 0x0,
    0xc, 0xff, 0xff, 0x0, 0xaf, 0xff, 0xf0, 0x0,
    0x0, 0x0, 0x1, 0xff, 0xff, 0xd0, 0xa, 0xff,
    0xff, 0x0, 0x0, 0x0, 0x15, 0xdf, 0xff, 0xf7,
    0x0, 0xaf, 0xff, 0xff, 0xff, 0xff, 0xff, 0xff,
    0xff, 0xfd, 0x0, 0xa, 0xff, 0xff, 0xff, 0xff,
    0xff, 0xff, 0xff, 0xfd, 0x10, 0x0, 0xaf, 0xff,
    0xff, 0xff, 0xff, 0xff, 0xff, 0xc6, 0x0, 0x0,
    0xa, 0xff, 0xff, 0xab, 0xcf, 0xff, 0xff, 0x90,
    0x0, 0x0, 0x0, 0xaf, 0xff, 0xf0, 0x0, 0x1b,
    0xff, 0xff, 0xd1, 0x0, 0x0, 0xa, 0xff, 0xff,
    0x0, 0x0, 0xc, 0xff, 0xff, 0xd1, 0x0, 0x0,
    0xaf, 0xff, 0xf0, 0x0, 0x0, 0x2f, 0xff, 0xff,
    0xb0, 0x0, 0xa, 0xff, 0xff, 0x0, 0x0, 0x0,
    0x6f, 0xff, 0xff, 0x60, 0x0, 0xaf, 0xff, 0xf0,
    0x0, 0x0, 0x0, 0xaf, 0xff, 0xff, 0x10, 0xa,
    0xff, 0xff, 0x0, 0x0, 0x0, 0x1, 0xef, 0xff,
    0xfb, 0x0, 0xaf, 0xff, 0xf0, 0x0, 0x0, 0x0,
    0x4, 0xff, 0xff, 0xf5, 0xa, 0xff, 0xff, 0x0,
    0x0, 0x0, 0x0, 0xa, 0xff, 0xff, 0xe1, 0xaf,
    0xff, 0xf0, 0x0, 0x0, 0x0, 0x0, 0xe, 0xff,
    0xff, 0x90,

    /* U+0053 "S" */
    0x0, 0x0, 0x16, 0xbd, 0xef, 0xed, 0xa5, 0x0,
    0x0, 0x0, 0x0, 0x7f, 0xff, 0xff, 0xff, 0xff,
    0xfe, 0x50, 0x0, 0x0, 0x8f, 0xff, 0xff, 0xff,
    0xff, 0xff, 0xff, 0x60, 0x0, 0x4f, 0xff, 0xff,
    0xfe, 0xef, 0xff, 0xff, 0xff, 0x20, 0xb, 0xff,
    0xff, 0x71, 0x0, 0x3, 0xcf, 0xff, 0xfa, 0x0,
    0xef, 0xff, 0x80, 0x0, 0x0, 0x1, 0xff, 0xff,
    0xe0, 0xf, 0xff, 0xf8, 0x0, 0x0, 0x0, 0x9,
    0xee, 0xee, 0x0, 0xdf, 0xff, 0xf6, 0x0, 0x0,
    0x0, 0x0, 0x0, 0x0, 0x7, 0xff, 0xff, 0xff,
    0xa6, 0x20, 0x0, 0x0, 0x0, 0x0, 0xd, 0xff,
    0xff, 0xff, 0xff, 0xe9, 0x40, 0x0, 0x0, 0x0,
    0x2d, 0xff, 0xff, 0xff, 0xff, 0xff, 0xe7, 0x0,
    0x0, 0x0, 0x7, 0xef, 0xff, 0xff, 0xff, 0xff,
    0xfc, 0x0, 0x0, 0x0, 0x0, 0x49, 0xdf, 0xff,
    0xff, 0xff, 0xfb, 0x0, 0x0, 0x0, 0x0, 0x0,
    0x15, 0x9e, 0xff, 0xff, 0xf3, 0x0, 0x0, 0x0,
    0x0, 0x0, 0x0, 0x9, 0xff, 0xff, 0x99, 0xde,
    0xfc, 0x0, 0x0, 0x0, 0x0, 0xf, 0xff, 0xfb,
    0x9f, 0xff, 0xf2, 0x0, 0x0, 0x0, 0x0, 0xef,
    0xff, 0xc5, 0xff, 0xff, 0xc0, 0x0, 0x0, 0x0,
    0x5f, 0xff, 0xf9, 0xe, 0xff, 0xff, 0xc4, 0x0,
    0x1, 0x8f, 0xff, 0xff, 0x50, 0x6f, 0xff, 0xff,
    0xff, 0xef, 0xff, 0xff, 0xff, 0xc0, 0x0, 0x9f,
    0xff, 0xff, 0xff, 0xff, 0xff, 0xff, 0xe1, 0x0,
    0x0, 0x6f, 0xff, 0xff, 0xff, 0xff, 0xff, 0xa1,
    0x0, 0x0, 0x0, 0x6, 0xad, 0xef, 0xfd, 0xb7,
    0x30, 0x0, 0x0,

    /* U+0054 "T" */
    0x5f, 0xff, 0xff, 0xff, 0xff, 0xff, 0xff, 0xff,
    0xff, 0xe5, 0xff, 0xff, 0xff, 0xff, 0xff, 0xff,
    0xff, 0xff, 0xfe, 0x5f, 0xff, 0xff, 0xff, 0xff,
    0xff, 0xff, 0xff, 0xff, 0xe4, 0xee, 0xee, 0xee,
    0xff, 0xff, 0xfe, 0xee, 0xee, 0xec, 0x0, 0x0,
    0x0, 0x8, 0xff, 0xff, 0x10, 0x0, 0x0, 0x0,
    0x0, 0x0, 0x0, 0x8f, 0xff, 0xf1, 0x0, 0x0,
    0x0, 0x0, 0x0, 0x0, 0x8, 0xff, 0xff, 0x10,
    0x0, 0x0, 0x0, 0x0, 0x0, 0x0, 0x8f, 0xff,
    0xf1, 0x0, 0x0, 0x0, 0x0, 0x0, 0x0, 0x8,
    0xff, 0xff, 0x10, 0x0, 0x0, 0x0, 0x0, 0x0,
    0x0, 0x8f, 0xff, 0xf1, 0x0, 0x0, 0x0, 0x0,
    0x0, 0x0, 0x8, 0xff, 0xff, 0x10, 0x0, 0x0,
    0x0, 0x0, 0x0, 0x0, 0x8f, 0xff, 0xf1, 0x0,
    0x0, 0x0, 0x0, 0x0, 0x0, 0x8, 0xff, 0xff,
    0x10, 0x0, 0x0, 0x0, 0x0, 0x0, 0x0, 0x8f,
    0xff, 0xf1, 0x0, 0x0, 0x0, 0x0, 0x0, 0x0,
    0x8, 0xff, 0xff, 0x10, 0x0, 0x0, 0x0, 0x0,
    0x0, 0x0, 0x8f, 0xff, 0xf1, 0x0, 0x0, 0x0,
    0x0, 0x0, 0x0, 0x8, 0xff, 0xff, 0x10, 0x0,
    0x0, 0x0, 0x0, 0x0, 0x0, 0x8f, 0xff, 0xf1,
    0x0, 0x0, 0x0, 0x0, 0x0, 0x0, 0x8, 0xff,
    0xff, 0x10, 0x0, 0x0, 0x0, 0x0, 0x0, 0x0,
    0x8f, 0xff, 0xf1, 0x0, 0x0, 0x0, 0x0, 0x0,
    0x0, 0x8, 0xff, 0xff, 0x10, 0x0, 0x0, 0x0,
    0x0, 0x0, 0x0, 0x8f, 0xff, 0xf1, 0x0, 0x0,
    0x0, 0x0, 0x0, 0x0, 0x8, 0xff, 0xff, 0x10,
    0x0, 0x0, 0x0,

    /* U+0055 "U" */
    0xbf, 0xff, 0xe0, 0x0, 0x0, 0x0, 0x1, 0xff,
    0xff, 0x9b, 0xff, 0xfe, 0x0, 0x0, 0x0, 0x0,
    0x1f, 0xff, 0xf9, 0xbf, 0xff, 0xe0, 0x0, 0x0,
    0x0, 0x1, 0xff, 0xff, 0x9b, 0xff, 0xfe, 0x0,
    0x0, 0x0, 0x0, 0x1f, 0xff, 0xf9, 0xbf, 0xff,
    0xe0, 0x0, 0x0, 0x0, 0x1, 0xff, 0xff, 0x9b,
    0xff, 0xfe, 0x0, 0x0, 0x0, 0x0, 0x1f, 0xff,
    0xf9, 0xbf, 0xff, 0xe0, 0x0, 0x0, 0x0, 0x1,
    0xff, 0xff, 0x9b, 0xff, 0xfe, 0x0, 0x0, 0x0,
    0x0, 0x1f, 0xff, 0xf9, 0xbf, 0xff, 0xe0, 0x0,
    0x0, 0x0, 0x1, 0xff, 0xff, 0x9b, 0xff, 0xfe,
    0x0, 0x0, 0x0, 0x0, 0x1f, 0xff, 0xf9, 0xbf,
    0xff, 0xe0, 0x0, 0x0, 0x0, 0x1, 0xff, 0xff,
    0x9b, 0xff, 0xfe, 0x0, 0x0, 0x0, 0x0, 0x1f,
    0xff, 0xf8, 0xbf, 0xff, 0xe0, 0x0, 0x0, 0x0,
    0x1, 0xff, 0xff, 0x8a, 0xff, 0xfe, 0x0, 0x0,
    0x0, 0x0, 0x1f, 0xff, 0xf8, 0xaf, 0xff, 0xf0,
    0x0, 0x0, 0x0, 0x1, 0xff, 0xff, 0x89, 0xff,
    0xff, 0x0, 0x0, 0x0, 0x0, 0x2f, 0xff, 0xf7,
    0x7f, 0xff, 0xf4, 0x0, 0x0, 0x0, 0x5, 0xff,
    0xff, 0x54, 0xff, 0xff, 0xc0, 0x0, 0x0, 0x0,
    0xcf, 0xff, 0xf3, 0xf, 0xff, 0xff, 0xd5, 0x10,
    0x4, 0xcf, 0xff, 0xfe, 0x0, 0x7f, 0xff, 0xff,
    0xff, 0xff, 0xff, 0xff, 0xff, 0x70, 0x0, 0xbf,
    0xff, 0xff, 0xff, 0xff, 0xff, 0xff, 0xb0, 0x0,
    0x0, 0x8f, 0xff, 0xff, 0xff, 0xff, 0xff, 0x80,
    0x0, 0x0, 0x0, 0x28, 0xbe, 0xff, 0xfe, 0xc8,
    0x20, 0x0, 0x0,

    /* U+0056 "V" */
    0xd, 0xff, 0xff, 0x20, 0x0, 0x0, 0x0, 0x0,
    0xc, 0xff, 0xff, 0x20, 0x7f, 0xff, 0xf8, 0x0,
    0x0, 0x0, 0x0, 0x1, 0xff, 0xff, 0xc0, 0x2,
    0xff, 0xff, 0xd0, 0x0, 0x0, 0x0, 0x0, 0x6f,
    0xff, 0xf6, 0x0, 0xc, 0xff, 0xff, 0x30, 0x0,
    0x0, 0x0, 0xc, 0xff, 0xff, 0x10, 0x0, 0x6f,
    0xff, 0xf8, 0x0, 0x0, 0x0, 0x1, 0xff, 0xff,
    0xb0, 0x0, 0x1, 0xff, 0xff, 0xd0, 0x0, 0x0,
    0x0, 0x6f, 0xff, 0xf5, 0x0, 0x0, 0xb, 0xff,
    0xff, 0x30, 0x0, 0x0, 0xb, 0xff, 0xff, 0x0,
    0x0, 0x0, 0x5f, 0xff, 0xf8, 0x0, 0x0, 0x1,
    0xff, 0xff, 0xa0, 0x0, 0x0, 0x0, 0xff, 0xff,
    0xe0, 0x0, 0x0, 0x6f, 0xff, 0xf4, 0x0, 0x0,
    0x0, 0xa, 0xff, 0xff, 0x30, 0x0, 0xb, 0xff,
    0xfe, 0x0, 0x0, 0x0, 0x0, 0x4f, 0xff, 0xf9,
    0x0, 0x1, 0xff, 0xff, 0x90, 0x0, 0x0, 0x0,
    0x0, 0xef, 0xff, 0xe0, 0x0, 0x6f, 0xff, 0xf3,
    0x0, 0x0, 0x0, 0x0, 0x9, 0xff, 0xff, 0x40,
    0xb, 0xff, 0xfd, 0x0, 0x0, 0x0, 0x0, 0x0,
    0x3f, 0xff, 0xf9, 0x1, 0xff, 0xff, 0x70, 0x0,
    0x0, 0x0, 0x0, 0x0, 0xdf, 0xff, 0xe0, 0x6f,
    0xff, 0xf2, 0x0, 0x0, 0x0, 0x0, 0x0, 0x8,
    0xff, 0xff, 0x4b, 0xff, 0xfc, 0x0, 0x0, 0x0,
    0x0, 0x0, 0x0, 0x2f, 0xff, 0xfa, 0xff, 0xff,
    0x60, 0x0, 0x0, 0x0, 0x0, 0x0, 0x0, 0xcf,
    0xff, 0xff, 0xff, 0xf1, 0x0, 0x0, 0x0, 0x0,
    0x0, 0x0, 0x6, 0xff, 0xff, 0xff, 0xfb, 0x0,
    0x0, 0x0, 0x0, 0x0, 0x0, 0x0, 0x1f, 0xff,
    0xff, 0xff, 0x50, 0x0, 0x0, 0x0, 0x0, 0x0,
    0x0, 0x0, 0xbf, 0xff, 0xff, 0xf0, 0x0, 0x0,
    0x0, 0x0, 0x0, 0x0, 0x0, 0x5, 0xff, 0xff,
    0xfa, 0x0, 0x0, 0x0, 0x0, 0x0, 0x0, 0x0,
    0x0, 0xf, 0xff, 0xff, 0x40, 0x0, 0x0, 0x0,
    0x0,

    /* U+0057 "W" */
    0xcf, 0xff, 0xf0, 0x0, 0x0, 0x0, 0xaf, 0xff,
    0xff, 0x10, 0x0, 0x0, 0x9, 0xff, 0xff, 0x8,
    0xff, 0xff, 0x20, 0x0, 0x0, 0xe, 0xff, 0xff,
    0xf5, 0x0, 0x0, 0x0, 0xdf, 0xff, 0xc0, 0x4f,
    0xff, 0xf6, 0x0, 0x0, 0x2, 0xff, 0xff, 0xff,
    0x90, 0x0, 0x0, 0xf, 0xff, 0xf9, 0x1, 0xff,
    0xff, 0x90, 0x0, 0x0, 0x7f, 0xff, 0xff, 0xfd,
    0x0, 0x0, 0x4, 0xff, 0xff, 0x50, 0xd, 0xff,
    0xfd, 0x0, 0x0, 0xb, 0xff, 0xff, 0xff, 0xf1,
    0x0, 0x0, 0x7f, 0xff, 0xf1, 0x0, 0x9f, 0xff,
    0xf0, 0x0, 0x0, 0xff, 0xff, 0xff, 0xff, 0x50,
    0x0, 0xb, 0xff, 0xfd, 0x0, 0x5, 0xff, 0xff,
    0x40, 0x0, 0x3f, 0xff, 0xfb, 0xff, 0xf9, 0x0,
    0x0, 0xef, 0xff, 0x90, 0x0, 0x1f, 0xff, 0xf7,
    0x0, 0x8, 0xff, 0xfb, 0x6f, 0xff, 0xd0, 0x0,
    0x2f, 0xff, 0xf5, 0x0, 0x0, 0xdf, 0xff, 0xb0,
    0x0, 0xcf, 0xff, 0x62, 0xff, 0xff, 0x10, 0x5,
    0xff, 0xff, 0x10, 0x0, 0xa, 0xff, 0xfe, 0x0,
    0xf, 0xff, 0xf2, 0xe, 0xff, 0xf5, 0x0, 0x9f,
    0xff, 0xd0, 0x0, 0x0, 0x6f, 0xff, 0xf2, 0x4,
    0xff, 0xfe, 0x0, 0x9f, 0xff, 0x90, 0xc, 0xff,
    0xfa, 0x0, 0x0, 0x2, 0xff, 0xff, 0x50, 0x9f,
    0xff, 0xa0, 0x5, 0xff, 0xfd, 0x0, 0xff, 0xff,
    0x60, 0x0, 0x0, 0xe, 0xff, 0xf9, 0xd, 0xff,
    0xf5, 0x0, 0x1f, 0xff, 0xf1, 0x3f, 0xff, 0xf2,
    0x0, 0x0, 0x0, 0xaf, 0xff, 0xc1, 0xff, 0xff,
    0x10, 0x0, 0xdf, 0xff, 0x57, 0xff, 0xfe, 0x0,
    0x0, 0x0, 0x7, 0xff, 0xff, 0x6f, 0xff, 0xd0,
    0x0, 0x8, 0xff, 0xf9, 0xaf, 0xff, 0xa0, 0x0,
    0x0, 0x0, 0x3f, 0xff, 0xfd, 0xff, 0xf9, 0x0,
    0x0, 0x4f, 0xff, 0xde, 0xff, 0xf6, 0x0, 0x0,
    0x0, 0x0, 0xff, 0xff, 0xff, 0xff, 0x50, 0x0,
    0x0, 0xff, 0xff, 0xff, 0xff, 0x20, 0x0, 0x0,
    0x0, 0xb, 0xff, 0xff, 0xff, 0xf0, 0x0, 0x0,
    0xc, 0xff, 0xff, 0xff, 0xe0, 0x0, 0x0, 0x0,
    0x0, 0x7f, 0xff, 0xff, 0xfc, 0x0, 0x0, 0x0,
    0x7f, 0xff, 0xff, 0xfb, 0x0, 0x0, 0x0, 0x0,
    0x4, 0xff, 0xff, 0xff, 0x80, 0x0, 0x0, 0x3,
    0xff, 0xff, 0xff, 0x70, 0x0, 0x0, 0x0, 0x0,
    0xf, 0xff, 0xff, 0xf4, 0x0, 0x0, 0x0, 0xf,
    0xff, 0xff, 0xf3, 0x0, 0x0, 0x0, 0x0, 0x0,
    0xcf, 0xff, 0xff, 0x0, 0x0, 0x0, 0x0, 0xbf,
    0xff, 0xff, 0x0, 0x0, 0x0, 0x0, 0x0, 0x8,
    0xff, 0xff, 0xb0, 0x0, 0x0, 0x0, 0x6, 0xff,
    0xff, 0xb0, 0x0, 0x0, 0x0,

    /* U+0058 "X" */
    0xe, 0xff, 0xff, 0x70, 0x0, 0x0, 0x0, 0x1f,
    0xff, 0xff, 0x40, 0x4, 0xff, 0xff, 0xf1, 0x0,
    0x0, 0x0, 0xaf, 0xff, 0xfa, 0x0, 0x0, 0xaf,
    0xff, 0xfb, 0x0, 0x0, 0x4, 0xff, 0xff, 0xe1,
    0x0, 0x0, 0x1e, 0xff, 0xff, 0x50, 0x0, 0xd,
    0xff, 0xff, 0x50, 0x0, 0x0, 0x5, 0xff, 0xff,
    0xe0, 0x0, 0x8f, 0xff, 0xfb, 0x0, 0x0, 0x0,
    0x0, 0xbf, 0xff, 0xf8, 0x2, 0xff, 0xff, 0xf2,
    0x0, 0x0, 0x0, 0x0, 0x1f, 0xff, 0xff, 0x3b,
    0xff, 0xff, 0x70, 0x0, 0x0, 0x0, 0x0, 0x6,
    0xff, 0xff, 0xef, 0xff, 0xfc, 0x0, 0x0, 0x0,
    0x0, 0x0, 0x0, 0xcf, 0xff, 0xff, 0xff, 0xf3,
    0x0, 0x0, 0x0, 0x0, 0x0, 0x0, 0x2f, 0xff,
    0xff, 0xff, 0x80, 0x0, 0x0, 0x0, 0x0, 0x0,
    0x0, 0x7, 0xff, 0xff, 0xfd, 0x0, 0x0, 0x0,
    0x0, 0x0, 0x0, 0x0, 0x8, 0xff, 0xff, 0xfb,
    0x0, 0x0, 0x0, 0x0, 0x0, 0x0, 0x0, 0x2f,
    0xff, 0xff, 0xff, 0x50, 0x0, 0x0, 0x0, 0x0,
    0x0, 0x0, 0xcf, 0xff, 0xff, 0xff, 0xe1, 0x0,
    0x0, 0x0, 0x0, 0x0, 0x7, 0xff, 0xff, 0xff,
    0xff, 0xfa, 0x0, 0x0, 0x0, 0x0, 0x0, 0x2f,
    0xff, 0xff, 0x7f, 0xff, 0xff, 0x50, 0x0, 0x0,
    0x0, 0x0, 0xcf, 0xff, 0xfb, 0x6, 0xff, 0xff,
    0xe1, 0x0, 0x0, 0x0, 0x6, 0xff, 0xff, 0xf1,
    0x0, 0xcf, 0xff, 0xfa, 0x0, 0x0, 0x0, 0x1f,
    0xff, 0xff, 0x60, 0x0, 0x2f, 0xff, 0xff, 0x50,
    0x0, 0x0, 0xbf, 0xff, 0xfc, 0x0, 0x0, 0x8,
    0xff, 0xff, 0xe1, 0x0, 0x5, 0xff, 0xff, 0xf2,
    0x0, 0x0, 0x0, 0xdf, 0xff, 0xfa, 0x0, 0x1e,
    0xff, 0xff, 0x80, 0x0, 0x0, 0x0, 0x3f, 0xff,
    0xff, 0x40, 0xaf, 0xff, 0xfd, 0x0, 0x0, 0x0,
    0x0, 0x9, 0xff, 0xff, 0xe1,

    /* U+0059 "Y" */
    0xb, 0xff, 0xff, 0xa0, 0x0, 0x0, 0x0, 0x0,
    0x3f, 0xff, 0xff, 0x10, 0x2f, 0xff, 0xff, 0x40,
    0x0, 0x0, 0x0, 0xd, 0xff, 0xff, 0x60, 0x0,
    0x7f, 0xff, 0xfd, 0x0, 0x0, 0x0, 0x6, 0xff,
    0xff, 0xc0, 0x0, 0x0, 0xdf, 0xff, 0xf7, 0x0,
    0x0, 0x1, 0xef, 0xff, 0xf2, 0x0, 0x0, 0x3,
    0xff, 0xff, 0xf1, 0x0, 0x0, 0x9f, 0xff, 0xf8,
    0x0, 0x0, 0x0, 0x9, 0xff, 0xff, 0xa0, 0x0,
    0x2f, 0xff, 0xfd, 0x0, 0x0, 0x0, 0x0, 0xe,
    0xff, 0xff, 0x30, 0xb, 0xff, 0xff, 0x40, 0x0,
    0x0, 0x0, 0x0, 0x5f, 0xff, 0xfc, 0x4, 0xff,
    0xff, 0xa0, 0x0, 0x0, 0x0, 0x0, 0x0, 0xbf,
    0xff, 0xf7, 0xdf, 0xff, 0xe1, 0x0, 0x0, 0x0,
    0x0, 0x0, 0x1, 0xff, 0xff, 0xff, 0xff, 0xf6,
    0x0, 0x0, 0x0, 0x0, 0x0, 0x0, 0x6, 0xff,
    0xff, 0xff, 0xfb, 0x0, 0x0, 0x0, 0x0, 0x0,
    0x0, 0x0, 0xc, 0xff, 0xff, 0xff, 0x20, 0x0,
    0x0, 0x0, 0x0, 0x0, 0x0, 0x0, 0x2f, 0xff,
    0xff, 0x70, 0x0, 0x0, 0x0, 0x0, 0x0, 0x0,
    0x0, 0x0, 0xaf, 0xff, 0xf0, 0x0, 0x0, 0x0,
    0x0, 0x0, 0x0, 0x0, 0x0, 0xa, 0xff, 0xff,
    0x0, 0x0, 0x0, 0x0, 0x0, 0x0, 0x0, 0x0,
    0x0, 0xaf, 0xff, 0xf0, 0x0, 0x0, 0x0, 0x0,
    0x0, 0x0, 0x0, 0x0, 0xa, 0xff, 0xff, 0x0,
    0x0, 0x0, 0x0, 0x0, 0x0, 0x0, 0x0, 0x0,
    0xaf, 0xff, 0xf0, 0x0, 0x0, 0x0, 0x0, 0x0,
    0x0, 0x0, 0x0, 0xa, 0xff, 0xff, 0x0, 0x0,
    0x0, 0x0, 0x0, 0x0, 0x0, 0x0, 0x0, 0xaf,
    0xff, 0xf0, 0x0, 0x0, 0x0, 0x0, 0x0, 0x0,
    0x0, 0x0, 0xa, 0xff, 0xff, 0x0, 0x0, 0x0,
    0x0, 0x0, 0x0, 0x0, 0x0, 0x0, 0xaf, 0xff,
    0xf0, 0x0, 0x0, 0x0, 0x0, 0x0, 0x0, 0x0,
    0x0, 0xa, 0xff, 0xff, 0x0, 0x0, 0x0, 0x0,
    0x0,

    /* U+005A "Z" */
    0x4, 0xff, 0xff, 0xff, 0xff, 0xff, 0xff, 0xff,
    0xff, 0x70, 0x4f, 0xff, 0xff, 0xff, 0xff, 0xff,
    0xff, 0xff, 0xf7, 0x4, 0xff, 0xff, 0xff, 0xff,
    0xff, 0xff, 0xff, 0xff, 0x70, 0x4e, 0xee, 0xee,
    0xee, 0xee, 0xef, 0xff, 0xff, 0xf6, 0x0, 0x0,
    0x0, 0x0, 0x0, 0x2, 0xff, 0xff, 0xfb, 0x0,
    0x0, 0x0, 0x0, 0x0, 0x1, 0xdf, 0xff, 0xfd,
    0x10, 0x0, 0x0, 0x0, 0x0, 0x0, 0xbf, 0xff,
    0xff, 0x20, 0x0, 0x0, 0x0, 0x0, 0x0, 0x8f,
    0xff, 0xff, 0x50, 0x0, 0x0, 0x0, 0x0, 0x0,
    0x5f, 0xff, 0xff, 0x80, 0x0, 0x0, 0x0, 0x0,
    0x0, 0x2f, 0xff, 0xff, 0xb0, 0x0, 0x0, 0x0,
    0x0, 0x0, 0x1d, 0xff, 0xff, 0xd0, 0x0, 0x0,
    0x0, 0x0, 0x0, 0xb, 0xff, 0xff, 0xf2, 0x0,
    0x0, 0x0, 0x0, 0x0, 0x9, 0xff, 0xff, 0xf4,
    0x0, 0x0, 0x0, 0x0, 0x0, 0x5, 0xff, 0xff,
    0xf7, 0x0, 0x0, 0x0, 0x0, 0x0, 0x3, 0xff,
    0xff, 0xfa, 0x0, 0x0, 0x0, 0x0, 0x0, 0x1,
    0xef, 0xff, 0xfd, 0x0, 0x0, 0x0, 0x0, 0x0,
    0x0, 0xcf, 0xff, 0xfe, 0x20, 0x0, 0x0, 0x0,
    0x0, 0x0, 0x9f, 0xff, 0xff, 0x40, 0x0, 0x0,
    0x0, 0x0, 0x0, 0x6f, 0xff, 0xff, 0x70, 0x0,
    0x0, 0x0, 0x0, 0x0, 0xa, 0xff, 0xff, 0xfd,
    0xdd, 0xdd, 0xdd, 0xdd, 0xdd, 0xdd, 0xaf, 0xff,
    0xff, 0xff, 0xff, 0xff, 0xff, 0xff, 0xff, 0xfa,
    0xff, 0xff, 0xff, 0xff, 0xff, 0xff, 0xff, 0xff,
    0xff, 0xaf, 0xff, 0xff, 0xff, 0xff, 0xff, 0xff,
    0xff, 0xff, 0xf0,

    /* U+005B "[" */
    0xbf, 0xff, 0xff, 0xff, 0x1b, 0xff, 0xff, 0xff,
    0xf1, 0xbf, 0xff, 0xff, 0xff, 0x1b, 0xff, 0xfb,
    0x77, 0x70, 0xbf, 0xff, 0x70, 0x0, 0xb, 0xff,
    0xf7, 0x0, 0x0, 0xbf, 0xff, 0x70, 0x0, 0xb,
    0xff, 0xf7, 0x0, 0x0, 0xbf, 0xff, 0x70, 0x0,
    0xb, 0xff, 0xf7, 0x0, 0x0, 0xbf, 0xff, 0x70,
    0x0, 0xb, 0xff, 0xf7, 0x0, 0x0, 0xbf, 0xff,
    0x70, 0x0, 0xb, 0xff, 0xf7, 0x0, 0x0, 0xbf,
    0xff, 0x70, 0x0, 0xb, 0xff, 0xf7, 0x0, 0x0,
    0xbf, 0xff, 0x70, 0x0, 0xb, 0xff, 0xf7, 0x0,
    0x0, 0xbf, 0xff, 0x70, 0x0, 0xb, 0xff, 0xf7,
    0x0, 0x0, 0xbf, 0xff, 0x70, 0x0, 0xb, 0xff,
    0xf7, 0x0, 0x0, 0xbf, 0xff, 0x70, 0x0, 0xb,
    0xff, 0xf7, 0x0, 0x0, 0xbf, 0xff, 0x70, 0x0,
    0xb, 0xff, 0xfb, 0x77, 0x70, 0xbf, 0xff, 0xff,
    0xff, 0x1b, 0xff, 0xff, 0xff, 0xf1, 0xbf, 0xff,
    0xff, 0xff, 0x10,

    /* U+005C "\\" */
    0xe, 0xff, 0x40, 0x0, 0x0, 0xa, 0xff, 0x80,
    0x0, 0x0, 0x6, 0xff, 0xc0, 0x0, 0x0, 0x2,
    0xff, 0xf1, 0x0, 0x0, 0x0, 0xef, 0xf4, 0x0,
    0x0, 0x0, 0xbf, 0xf8, 0x0, 0x0, 0x0, 0x7f,
    0xfc, 0x0, 0x0, 0x0, 0x3f, 0xff, 0x10, 0x0,
    0x0, 0xf, 0xff, 0x40, 0x0, 0x0, 0xb, 0xff,
    0x80, 0x0, 0x0, 0x7, 0xff, 0xc0, 0x0, 0x0,
    0x3, 0xff, 0xf1, 0x0, 0x0, 0x0, 0xff, 0xf4,
    0x0, 0x0, 0x0, 0xbf, 0xf8, 0x0, 0x0, 0x0,
    0x7f, 0xfc, 0x0, 0x0, 0x0, 0x3f, 0xff, 0x0,
    0x0, 0x0, 0xf, 0xff, 0x40, 0x0, 0x0, 0xb,
    0xff, 0x80, 0x0, 0x0, 0x7, 0xff, 0xc0, 0x0,
    0x0, 0x3, 0xff, 0xf0, 0x0, 0x0, 0x0, 0xff,
    0xf4, 0x0, 0x0, 0x0, 0xbf, 0xf8, 0x0, 0x0,
    0x0, 0x8f, 0xfc,

    /* U+005D "]" */
    0x6f, 0xff, 0xff, 0xff, 0x66, 0xff, 0xff, 0xff,
    0xf6, 0x6f, 0xff, 0xff, 0xff, 0x62, 0x77, 0x7e,
    0xff, 0xf6, 0x0, 0x0, 0xcf, 0xff, 0x60, 0x0,
    0xc, 0xff, 0xf6, 0x0, 0x0, 0xcf, 0xff, 0x60,
    0x0, 0xc, 0xff, 0xf6, 0x0, 0x0, 0xcf, 0xff,
    0x60, 0x0, 0xc, 0xff, 0xf6, 0x0, 0x0, 0xcf,
    0xff, 0x60, 0x0, 0xc, 0xff, 0xf6, 0x0, 0x0,
    0xcf, 0xff, 0x60, 0x0, 0xc, 0xff, 0xf6, 0x0,
    0x0, 0xcf, 0xff, 0x60, 0x0, 0xc, 0xff, 0xf6,
    0x0, 0x0, 0xcf, 0xff, 0x60, 0x0, 0xc, 0xff,
    0xf6, 0x0, 0x0, 0xcf, 0xff, 0x60, 0x0, 0xc,
    0xff, 0xf6, 0x0, 0x0, 0xcf, 0xff, 0x60, 0x0,
    0xc, 0xff, 0xf6, 0x0, 0x0, 0xcf, 0xff, 0x60,
    0x0, 0xc, 0xff, 0xf6, 0x0, 0x0, 0xcf, 0xff,
    0x63, 0x77, 0x7e, 0xff, 0xf6, 0x6f, 0xff, 0xff,
    0xff, 0x66, 0xff, 0xff, 0xff, 0xf6, 0x6f, 0xff,
    0xff, 0xff, 0x60,

    /* U+005E "^" */
    0x0, 0x0, 0x0, 0x38, 0x88, 0x20, 0x0, 0x0,
    0x0, 0x0, 0x0, 0xcf, 0xff, 0x90, 0x0, 0x0,
    0x0, 0x0, 0x4, 0xff, 0xff, 0xf1, 0x0, 0x0,
    0x0, 0x0, 0xb, 0xff, 0xff, 0xf8, 0x0, 0x0,
    0x0, 0x0, 0x3f, 0xff, 0xff, 0xfe, 0x0, 0x0,
    0x0, 0x0, 0xaf, 0xff, 0xdf, 0xff, 0x70, 0x0,
    0x0, 0x2, 0xff, 0xfd, 0x3f, 0xff, 0xe0, 0x0,
    0x0, 0x9, 0xff, 0xf7, 0xc, 0xff, 0xf5, 0x0,
    0x0, 0x1f, 0xff, 0xf1, 0x6, 0xff, 0xfd, 0x0,
    0x0, 0x8f, 0xff, 0xa0, 0x0, 0xff, 0xff, 0x40,
    0x1, 0xff, 0xff, 0x40, 0x0, 0x9f, 0xff, 0xb0,
    0x8, 0xff, 0xfd, 0x0, 0x0, 0x2f, 0xff, 0xf3,
    0xe, 0xff, 0xf7, 0x0, 0x0, 0xc, 0xff, 0xfa,

    /* U+005F "_" */
    0x4d, 0xdd, 0xdd, 0xdd, 0xdd, 0xdd, 0xdd, 0xdd,
    0xdd, 0xd4, 0xff, 0xff, 0xff, 0xff, 0xff, 0xff,
    0xff, 0xff, 0xff, 0x4f, 0xff, 0xff, 0xff, 0xff,
    0xff, 0xff, 0xff, 0xff, 0xf0,

    /* U+0060 "`" */
    0x1a, 0xbb, 0xb8, 0x0, 0x4, 0xff, 0xff, 0x20,
    0x0, 0x5f, 0xff, 0x90, 0x0, 0x6, 0xff, 0xf1,
    0x0, 0x0, 0x7f, 0xf8,

    /* U+0061 "a" */
    0x0, 0x2, 0x9c, 0xef, 0xfe, 0xc8, 0x10, 0x0,
    0x0, 0x8f, 0xff, 0xff, 0xff, 0xff, 0xf5, 0x0,
    0x6, 0xff, 0xff, 0xff, 0xff, 0xff, 0xff, 0x20,
    0xe, 0xff, 0xfe, 0x76, 0x6b, 0xff, 0xff, 0x80,
    0x3d, 0xff, 0xf1, 0x0, 0x0, 0xcf, 0xff, 0xa0,
    0x0, 0x3, 0x30, 0x0, 0x0, 0x9f, 0xff, 0xb0,
    0x0, 0x0, 0x0, 0x2, 0x6a, 0xff, 0xff, 0xc0,
    0x0, 0x3, 0x8c, 0xff, 0xff, 0xff, 0xff, 0xc0,
    0x2, 0xcf, 0xff, 0xff, 0xff, 0xff, 0xff, 0xb0,
    0x1e, 0xff, 0xff, 0xc8, 0x51, 0x8f, 0xff, 0xb0,
    0x8f, 0xff, 0xe3, 0x0, 0x0, 0x9f, 0xff, 0xb0,
    0xcf, 0xff, 0x90, 0x0, 0x0, 0xbf, 0xff, 0xb0,
    0xdf, 0xff, 0xb0, 0x0, 0x2, 0xff, 0xff, 0xb0,
    0xaf, 0xff, 0xf9, 0x22, 0x7e, 0xff, 0xff, 0xc0,
    0x4f, 0xff, 0xff, 0xff, 0xff, 0xff, 0xff, 0xe0,
    0x7, 0xff, 0xff, 0xff, 0xff, 0x8f, 0xff, 0xf2,
    0x0, 0x4a, 0xef, 0xfd, 0x92, 0xc, 0xff, 0xf8,

    /* U+0062 "b" */
    0xef, 0xff, 0x80, 0x0, 0x0, 0x0, 0x0, 0x0,
    0xe, 0xff, 0xf8, 0x0, 0x0, 0x0, 0x0, 0x0,
    0x0, 0xef, 0xff, 0x80, 0x0, 0x0, 0x0, 0x0,
    0x0, 0xe, 0xff, 0xf8, 0x0, 0x0, 0x0, 0x0,
    0x0, 0x0, 0xef, 0xff, 0x80, 0x0, 0x0, 0x0,
    0x0, 0x0, 0xe, 0xff, 0xf8, 0x0, 0x0, 0x0,
    0x0, 0x0, 0x0, 0xef, 0xff, 0x80, 0x4b, 0xef,
    0xea, 0x30, 0x0, 0xe, 0xff, 0xf8, 0x9f, 0xff,
    0xff, 0xff, 0x90, 0x0, 0xef, 0xff, 0xff, 0xff,
    0xff, 0xff, 0xff, 0x90, 0xe, 0xff, 0xff, 0xfc,
    0x76, 0xaf, 0xff, 0xff, 0x30, 0xef, 0xff, 0xf9,
    0x0, 0x0, 0x5f, 0xff, 0xfb, 0xe, 0xff, 0xfe,
    0x0, 0x0, 0x0, 0xbf, 0xff, 0xf0, 0xef, 0xff,
    0xa0, 0x0, 0x0, 0x6, 0xff, 0xff, 0x2e, 0xff,
    0xf8, 0x0, 0x0, 0x0, 0x3f, 0xff, 0xf4, 0xef,
    0xff, 0x70, 0x0, 0x0, 0x3, 0xff, 0xff, 0x4e,
    0xff, 0xf8, 0x0, 0x0, 0x0, 0x3f, 0xff, 0xf3,
    0xef, 0xff, 0xb0, 0x0, 0x0, 0x6, 0xff, 0xff,
    0x2e, 0xff, 0xff, 0x20, 0x0, 0x0, 0xbf, 0xff,
    0xe0, 0xef, 0xff, 0xfc, 0x10, 0x0, 0x6f, 0xff,
    0xf9, 0xe, 0xff, 0xff, 0xfe, 0x97, 0xbf, 0xff,
    0xff, 0x20, 0xef, 0xff, 0xcf, 0xff, 0xff, 0xff,
    0xff, 0x70, 0xe, 0xff, 0xf3, 0x9f, 0xff, 0xff,
    0xff, 0x70, 0x0, 0xef, 0xff, 0x30, 0x3a, 0xef,
    0xe9, 0x20, 0x0, 0x0,

    /* U+0063 "c" */
    0x0, 0x0, 0x28, 0xde, 0xfe, 0xc8, 0x20, 0x0,
    0x0, 0x9, 0xff, 0xff, 0xff, 0xff, 0xf7, 0x0,
    0x0, 0xaf, 0xff, 0xff, 0xff, 0xff, 0xff, 0x60,
    0x6, 0xff, 0xff, 0xe9, 0x7a, 0xff, 0xff, 0xf1,
    0xe, 0xff, 0xfd, 0x10, 0x0, 0x4f, 0xff, 0xf8,
    0x4f, 0xff, 0xf4, 0x0, 0x0, 0xa, 0xc9, 0x63,
    0x7f, 0xff, 0xf0, 0x0, 0x0, 0x0, 0x0, 0x0,
    0x9f, 0xff, 0xe0, 0x0, 0x0, 0x0, 0x0, 0x0,
    0xaf, 0xff, 0xd0, 0x0, 0x0, 0x0, 0x0, 0x0,
    0x9f, 0xff, 0xe0, 0x0, 0x0, 0x0, 0x0, 0x0,
    0x8f, 0xff, 0xf1, 0x0, 0x0, 0x4, 0x75, 0x20,
    0x4f, 0xff, 0xf6, 0x0, 0x0, 0xb, 0xff, 0xfd,
    0xe, 0xff, 0xfe, 0x30, 0x0, 0x5f, 0xff, 0xf8,
    0x6, 0xff, 0xff, 0xfb, 0x9c, 0xff, 0xff, 0xf1,
    0x0, 0xbf, 0xff, 0xff, 0xff, 0xff, 0xff, 0x60,
    0x0, 0x9, 0xff, 0xff, 0xff, 0xff, 0xf6, 0x0,
    0x0, 0x0, 0x29, 0xdf, 0xfe, 0xc8, 0x10, 0x0,

    /* U+0064 "d" */
    0x0, 0x0, 0x0, 0x0, 0x0, 0x0, 0xef, 0xff,
    0x80, 0x0, 0x0, 0x0, 0x0, 0x0, 0xe, 0xff,
    0xf8, 0x0, 0x0, 0x0, 0x0, 0x0, 0x0, 0xef,
    0xff, 0x80, 0x0, 0x0, 0x0, 0x0, 0x0, 0xe,
    0xff, 0xf8, 0x0, 0x0, 0x0, 0x0, 0x0, 0x0,
    0xef, 0xff, 0x80, 0x0, 0x0, 0x0, 0x0, 0x0,
    0xe, 0xff, 0xf8, 0x0, 0x0, 0x6b, 0xef, 0xd8,
    0x10, 0xef, 0xff, 0x80, 0x1, 0xdf, 0xff, 0xff,
    0xff, 0x4e, 0xff, 0xf8, 0x1, 0xef, 0xff, 0xff,
    0xff, 0xff, 0xff, 0xff, 0x80, 0x9f, 0xff, 0xfe,
    0x86, 0x8e, 0xff, 0xff, 0xf8, 0x1f, 0xff, 0xfd,
    0x10, 0x0, 0x1e, 0xff, 0xff, 0x85, 0xff, 0xff,
    0x40, 0x0, 0x0, 0x6f, 0xff, 0xf8, 0x8f, 0xff,
    0xf0, 0x0, 0x0, 0x1, 0xff, 0xff, 0x8a, 0xff,
    0xfd, 0x0, 0x0, 0x0, 0xe, 0xff, 0xf8, 0xaf,
    0xff, 0xc0, 0x0, 0x0, 0x0, 0xdf, 0xff, 0x89,
    0xff, 0xfd, 0x0, 0x0, 0x0, 0xe, 0xff, 0xf8,
    0x8f, 0xff, 0xf0, 0x0, 0x0, 0x1, 0xff, 0xff,
    0x84, 0xff, 0xff, 0x50, 0x0, 0x0, 0x7f, 0xff,
    0xf8, 0xe, 0xff, 0xfe, 0x20, 0x0, 0x3f, 0xff,
    0xff, 0x80, 0x8f, 0xff, 0xff, 0xa7, 0xaf, 0xff,
    0xff, 0xf8, 0x0, 0xcf, 0xff, 0xff, 0xff, 0xff,
    0xcf, 0xff, 0x80, 0x1, 0xbf, 0xff, 0xff, 0xfe,
    0x49, 0xff, 0xf8, 0x0, 0x0, 0x5b, 0xef, 0xd8,
    0x10, 0x9f, 0xff, 0x80,

    /* U+0065 "e" */
    0x0, 0x0, 0x5b, 0xef, 0xec, 0x81, 0x0, 0x0,
    0x0, 0x1c, 0xff, 0xff, 0xff, 0xff, 0x70, 0x0,
    0x1, 0xef, 0xff, 0xff, 0xff, 0xff, 0xf8, 0x0,
    0xb, 0xff, 0xff, 0xb6, 0x7d, 0xff, 0xff, 0x30,
    0x3f, 0xff, 0xf7, 0x0, 0x0, 0xbf, 0xff, 0xb0,
    0x8f, 0xff, 0xd0, 0x0, 0x0, 0x2f, 0xff, 0xf1,
    0xcf, 0xff, 0xa0, 0x0, 0x0, 0xe, 0xff, 0xf4,
    0xef, 0xff, 0xff, 0xff, 0xff, 0xff, 0xff, 0xf6,
    0xff, 0xff, 0xff, 0xff, 0xff, 0xff, 0xff, 0xf7,
    0xef, 0xff, 0xdb, 0xbb, 0xbb, 0xbb, 0xbb, 0xb5,
    0xdf, 0xff, 0xa0, 0x0, 0x0, 0x0, 0x0, 0x0,
    0x9f, 0xff, 0xe0, 0x0, 0x0, 0x28, 0x53, 0x0,
    0x4f, 0xff, 0xf8, 0x0, 0x0, 0xaf, 0xff, 0xf1,
    0xc, 0xff, 0xff, 0xa5, 0x5a, 0xff, 0xff, 0xa0,
    0x2, 0xef, 0xff, 0xff, 0xff, 0xff, 0xfd, 0x10,
    0x0, 0x2d, 0xff, 0xff, 0xff, 0xff, 0xc1, 0x0,
    0x0, 0x0, 0x5a, 0xdf, 0xfe, 0xb5, 0x0, 0x0,

    /* U+0066 "f" */
    0x0, 0x0, 0x29, 0xdf, 0xfe, 0xb4, 0x0, 0x4,
    0xff, 0xff, 0xff, 0xf6, 0x0, 0xd, 0xff, 0xff,
    0xff, 0xf3, 0x0, 0x1f, 0xff, 0xfd, 0x77, 0x80,
    0x0, 0x2f, 0xff, 0xf4, 0x0, 0x0, 0x0, 0x3f,
    0xff, 0xf3, 0x0, 0x0, 0xaf, 0xff, 0xff, 0xff,
    0xff, 0x70, 0xaf, 0xff, 0xff, 0xff, 0xff, 0x70,
    0xaf, 0xff, 0xff, 0xff, 0xff, 0x70, 0x47, 0x8f,
    0xff, 0xf9, 0x77, 0x30, 0x0, 0x3f, 0xff, 0xf3,
    0x0, 0x0, 0x0, 0x3f, 0xff, 0xf3, 0x0, 0x0,
    0x0, 0x3f, 0xff, 0xf3, 0x0, 0x0, 0x0, 0x3f,
    0xff, 0xf3, 0x0, 0x0, 0x0, 0x3f, 0xff, 0xf3,
    0x0, 0x0, 0x0, 0x3f, 0xff, 0xf3, 0x0, 0x0,
    0x0, 0x3f, 0xff, 0xf3, 0x0, 0x0, 0x0, 0x3f,
    0xff, 0xf3, 0x0, 0x0, 0x0, 0x3f, 0xff, 0xf3,
    0x0, 0x0, 0x0, 0x3f, 0xff, 0xf3, 0x0, 0x0,
    0x0, 0x3f, 0xff, 0xf3, 0x0, 0x0, 0x0, 0x3f,
    0xff, 0xf3, 0x0, 0x0, 0x0, 0x3f, 0xff, 0xf3,
    0x0, 0x0,

    /* U+0067 "g" */
    0x0, 0x0, 0x6b, 0xef, 0xd9, 0x20, 0x9f, 0xff,
    0x80, 0x1, 0xcf, 0xff, 0xff, 0xff, 0x59, 0xff,
    0xf8, 0x0, 0xdf, 0xff, 0xff, 0xff, 0xff, 0xdf,
    0xff, 0x80, 0x8f, 0xff, 0xfe, 0x86, 0x8f, 0xff,
    0xff, 0xf8, 0xf, 0xff, 0xfd, 0x10, 0x0, 0x2e,
    0xff, 0xff, 0x85, 0xff, 0xff, 0x50, 0x0, 0x0,
    0x5f, 0xff, 0xf8, 0x8f, 0xff, 0xf0, 0x0, 0x0,
    0x0, 0xff, 0xff, 0x89, 0xff, 0xfd, 0x0, 0x0,
    0x0, 0xd, 0xff, 0xf8, 0xaf, 0xff, 0xd0, 0x0,
    0x0, 0x0, 0xdf, 0xff, 0x8a, 0xff, 0xfe, 0x0,
    0x0, 0x0, 0xe, 0xff, 0xf8, 0x8f, 0xff, 0xf0,
    0x0, 0x0, 0x1, 0xff, 0xff, 0x85, 0xff, 0xff,
    0x60, 0x0, 0x0, 0x7f, 0xff, 0xf8, 0xf, 0xff,
    0xfe, 0x30, 0x0, 0x4f, 0xff, 0xff, 0x80, 0x8f,
    0xff, 0xff, 0xa9, 0xcf, 0xff, 0xff, 0xf8, 0x0,
    0xdf, 0xff, 0xff, 0xff, 0xfd, 0xef, 0xff, 0x70,
    0x1, 0xcf, 0xff, 0xff, 0xfd, 0x2e, 0xff, 0xf7,
    0x0, 0x0, 0x6c, 0xef, 0xd7, 0x0, 0xef, 0xff,
    0x60, 0x10, 0x0, 0x0, 0x0, 0x0, 0xf, 0xff,
    0xf5, 0x1f, 0xfe, 0xdb, 0x0, 0x0, 0x4, 0xff,
    0xff, 0x20, 0xef, 0xff, 0xfc, 0x76, 0x7a, 0xff,
    0xff, 0xc0, 0x7, 0xff, 0xff, 0xff, 0xff, 0xff,
    0xff, 0xf4, 0x0, 0x8, 0xff, 0xff, 0xff, 0xff,
    0xff, 0xf5, 0x0, 0x0, 0x2, 0x8b, 0xef, 0xff,
    0xeb, 0x71, 0x0, 0x0,

    /* U+0068 "h" */
    0xbf, 0xff, 0xa0, 0x0, 0x0, 0x0, 0x0, 0x0,
    0xbf, 0xff, 0xa0, 0x0, 0x0, 0x0, 0x0, 0x0,
    0xbf, 0xff, 0xa0, 0x0, 0x0, 0x0, 0x0, 0x0,
    0xbf, 0xff, 0xa0, 0x0, 0x0, 0x0, 0x0, 0x0,
    0xbf, 0xff, 0xa0, 0x0, 0x0, 0x0, 0x0, 0x0,
    0xbf, 0xff, 0xa0, 0x0, 0x0, 0x0, 0x0, 0x0,
    0xbf, 0xff, 0xa0, 0x18, 0xdf, 0xec, 0x60, 0x0,
    0xbf, 0xff, 0xa5, 0xff, 0xff, 0xff, 0xfc, 0x0,
    0xbf, 0xff, 0xef, 0xff, 0xff, 0xff, 0xff, 0x90,
    0xbf, 0xff, 0xff, 0xd7, 0x6a, 0xff, 0xff, 0xf0,
    0xbf, 0xff, 0xfb, 0x0, 0x0, 0x7f, 0xff, 0xf3,
    0xbf, 0xff, 0xf1, 0x0, 0x0, 0x2f, 0xff, 0xf5,
    0xbf, 0xff, 0xd0, 0x0, 0x0, 0xf, 0xff, 0xf6,
    0xbf, 0xff, 0xb0, 0x0, 0x0, 0xf, 0xff, 0xf6,
    0xbf, 0xff, 0xa0, 0x0, 0x0, 0xf, 0xff, 0xf6,
    0xbf, 0xff, 0xa0, 0x0, 0x0, 0xf, 0xff, 0xf6,
    0xbf, 0xff, 0xa0, 0x0, 0x0, 0xf, 0xff, 0xf6,
    0xbf, 0xff, 0xa0, 0x0, 0x0, 0xf, 0xff, 0xf6,
    0xbf, 0xff, 0xa0, 0x0, 0x0, 0xf, 0xff, 0xf6,
    0xbf, 0xff, 0xa0, 0x0, 0x0, 0xf, 0xff, 0xf6,
    0xbf, 0xff, 0xa0, 0x0, 0x0, 0xf, 0xff, 0xf6,
    0xbf, 0xff, 0xa0, 0x0, 0x0, 0xf, 0xff, 0xf6,
    0xbf, 0xff, 0xa0, 0x0, 0x0, 0xf, 0xff, 0xf6,

    /* U+0069 "i" */
    0xbf, 0xff, 0xbb, 0xff, 0xfb, 0xbf, 0xff, 0xbb,
    0xff, 0xfb, 0x1, 0x11, 0x0, 0x0, 0x0, 0xbf,
    0xff, 0xbb, 0xff, 0xfb, 0xbf, 0xff, 0xbb, 0xff,
    0xfb, 0xbf, 0xff, 0xbb, 0xff, 0xfb, 0xbf, 0xff,
    0xbb, 0xff, 0xfb, 0xbf, 0xff, 0xbb, 0xff, 0xfb,
    0xbf, 0xff, 0xbb, 0xff, 0xfb, 0xbf, 0xff, 0xbb,
    0xff, 0xfb, 0xbf, 0xff, 0xbb, 0xff, 0xfb, 0xbf,
    0xff, 0xb0,

    /* U+006A "j" */
    0x0, 0x0, 0xcf, 0xff, 0x90, 0x0, 0xc, 0xff,
    0xf9, 0x0, 0x0, 0xcf, 0xff, 0x90, 0x0, 0xc,
    0xff, 0xf9, 0x0, 0x0, 0x1, 0x11, 0x0, 0x0,
    0x0, 0x0, 0x0, 0x0, 0x0, 0xcf, 0xff, 0x90,
    0x0, 0xc, 0xff, 0xf9, 0x0, 0x0, 0xcf, 0xff,
    0x90, 0x0, 0xc, 0xff, 0xf9, 0x0, 0x0, 0xcf,
    0xff, 0x90, 0x0, 0xc, 0xff, 0xf9, 0x0, 0x0,
    0xcf, 0xff, 0x90, 0x0, 0xc, 0xff, 0xf9, 0x0,
    0x0, 0xcf, 0xff, 0x90, 0x0, 0xc, 0xff, 0xf9,
    0x0, 0x0, 0xcf, 0xff, 0x90, 0x0, 0xc, 0xff,
    0xf9, 0x0, 0x0, 0xcf, 0xff, 0x90, 0x0, 0xc,
    0xff, 0xf9, 0x0, 0x0, 0xcf, 0xff, 0x90, 0x0,
    0xc, 0xff, 0xf9, 0x0, 0x0, 0xdf, 0xff, 0x90,
    0x0, 0xd, 0xff, 0xf8, 0x1, 0x17, 0xff, 0xff,
    0x70, 0xdf, 0xff, 0xff, 0xf5, 0xf, 0xff, 0xff,
    0xff, 0x14, 0xff, 0xff, 0xff, 0x60, 0x3b, 0xef,
    0xeb, 0x40, 0x0,

    /* U+006B "k" */
    0xdf, 0xff, 0x80, 0x0, 0x0, 0x0, 0x0, 0x0,
    0xdf, 0xff, 0x80, 0x0, 0x0, 0x0, 0x0, 0x0,
    0xdf, 0xff, 0x80, 0x0, 0x0, 0x0, 0x0, 0x0,
    0xdf, 0xff, 0x80, 0x0, 0x0, 0x0, 0x0, 0x0,
    0xdf, 0xff, 0x80, 0x0, 0x0, 0x0, 0x0, 0x0,
    0xdf, 0xff, 0x80, 0x0, 0x0, 0x0, 0x0, 0x0,
    0xdf, 0xff, 0x80, 0x0, 0xb, 0xff, 0xff, 0x90,
    0xdf, 0xff, 0x80, 0x0, 0x9f, 0xff, 0xfb, 0x0,
    0xdf, 0xff, 0x80, 0x7, 0xff, 0xff, 0xc0, 0x0,
    0xdf, 0xff, 0x80, 0x5f, 0xff, 0xfd, 0x10, 0x0,
    0xdf, 0xff, 0x83, 0xff, 0xff, 0xd1, 0x0, 0x0,
    0xdf, 0xff, 0xae, 0xff, 0xfe, 0x20, 0x0, 0x0,
    0xdf, 0xff, 0xff, 0xff, 0xf9, 0x0, 0x0, 0x0,
    0xdf, 0xff, 0xff, 0xff, 0xff, 0x20, 0x0, 0x0,
    0xdf, 0xff, 0xff, 0xff, 0xff, 0xb0, 0x0, 0x0,
    0xdf, 0xff, 0xff, 0xbf, 0xff, 0xf4, 0x0, 0x0,
    0xdf, 0xff, 0xf8, 0xc, 0xff, 0xfc, 0x0, 0x0,
    0xdf, 0xff, 0xa0, 0x4, 0xff, 0xff, 0x60, 0x0,
    0xdf, 0xff, 0x80, 0x0, 0xbf, 0xff, 0xe0, 0x0,
    0xdf, 0xff, 0x80, 0x0, 0x2f, 0xff, 0xf8, 0x0,
    0xdf, 0xff, 0x80, 0x0, 0x9, 0xff, 0xff, 0x10,
    0xdf, 0xff, 0x80, 0x0, 0x1, 0xff, 0xff, 0xa0,
    0xdf, 0xff, 0x80, 0x0, 0x0, 0x8f, 0xff, 0xf3,

    /* U+006C "l" */
    0xbf, 0xff, 0xbb, 0xff, 0xfb, 0xbf, 0xff, 0xbb,
    0xff, 0xfb, 0xbf, 0xff, 0xbb, 0xff, 0xfb, 0xbf,
    0xff, 0xbb, 0xff, 0xfb, 0xbf, 0xff, 0xbb, 0xff,
    0xfb, 0xbf, 0xff, 0xbb, 0xff, 0xfb, 0xbf, 0xff,
    0xbb, 0xff, 0xfb, 0xbf, 0xff, 0xbb, 0xff, 0xfb,
    0xbf, 0xff, 0xbb, 0xff, 0xfb, 0xbf, 0xff, 0xbb,
    0xff, 0xfb, 0xbf, 0xff, 0xbb, 0xff, 0xfb, 0xbf,
    0xff, 0xb0,

    /* U+006D "m" */
    0xf, 0xff, 0xf0, 0x6, 0xbe, 0xfd, 0x81, 0x0,
    0x7, 0xcf, 0xec, 0x70, 0x0, 0xf, 0xff, 0xf1,
    0xcf, 0xff, 0xff, 0xfe, 0x22, 0xdf, 0xff, 0xff,
    0xfd, 0x10, 0xf, 0xff, 0xfd, 0xff, 0xff, 0xff,
    0xff, 0xde, 0xff, 0xff, 0xff, 0xff, 0xa0, 0xf,
    0xff, 0xff, 0xfa, 0x68, 0xff, 0xff, 0xff, 0xfa,
    0x69, 0xff, 0xff, 0xf1, 0xf, 0xff, 0xff, 0x50,
    0x0, 0x5f, 0xff, 0xff, 0x60, 0x0, 0x6f, 0xff,
    0xf4, 0xf, 0xff, 0xfb, 0x0, 0x0, 0x1f, 0xff,
    0xfd, 0x0, 0x0, 0x2f, 0xff, 0xf5, 0xf, 0xff,
    0xf7, 0x0, 0x0, 0xf, 0xff, 0xf8, 0x0, 0x0,
    0xf, 0xff, 0xf5, 0xf, 0xff, 0xf6, 0x0, 0x0,
    0xf, 0xff, 0xf7, 0x0, 0x0, 0xf, 0xff, 0xf6,
    0xf, 0xff, 0xf5, 0x0, 0x0, 0xf, 0xff, 0xf6,
    0x0, 0x0, 0xf, 0xff, 0xf6, 0xf, 0xff, 0xf5,
    0x0, 0x0, 0xf, 0xff, 0xf6, 0x0, 0x0, 0xf,
    0xff, 0xf6, 0xf, 0xff, 0xf5, 0x0, 0x0, 0xf,
    0xff, 0xf6, 0x0, 0x0, 0xf, 0xff, 0xf6, 0xf,
    0xff, 0xf5, 0x0, 0x0, 0xf, 0xff, 0xf6, 0x0,
    0x0, 0xf, 0xff, 0xf6, 0xf, 0xff, 0xf5, 0x0,
    0x0, 0xf, 0xff, 0xf6, 0x0, 0x0, 0xf, 0xff,
    0xf6, 0xf, 0xff, 0xf5, 0x0, 0x0, 0xf, 0xff,
    0xf6, 0x0, 0x0, 0xf, 0xff, 0xf6, 0xf, 0xff,
    0xf5, 0x0, 0x0, 0xf, 0xff, 0xf6, 0x0, 0x0,
    0xf, 0xff, 0xf6, 0xf, 0xff, 0xf5, 0x0, 0x0,
    0xf, 0xff, 0xf6, 0x0, 0x0, 0xf, 0xff, 0xf6,
    0xf, 0xff, 0xf5, 0x0, 0x0, 0xf, 0xff, 0xf6,
    0x0, 0x0, 0xf, 0xff, 0xf6,

    /* U+006E "n" */
    0xbf, 0xff, 0x50, 0x29, 0xdf, 0xec, 0x60, 0x0,
    0xbf, 0xff, 0x56, 0xff, 0xff, 0xff, 0xfd, 0x10,
    0xbf, 0xff, 0xbf, 0xff, 0xff, 0xff, 0xff, 0xa0,
    0xbf, 0xff, 0xff, 0xd7, 0x6a, 0xff, 0xff, 0xf1,
    0xbf, 0xff, 0xfb, 0x0, 0x0, 0x9f, 0xff, 0xf4,
    0xbf, 0xff, 0xf1, 0x0, 0x0, 0x2f, 0xff, 0xf5,
    0xbf, 0xff, 0xd0, 0x0, 0x0, 0x1f, 0xff, 0xf6,
    0xbf, 0xff, 0xb0, 0x0, 0x0, 0xf, 0xff, 0xf6,
    0xbf, 0xff, 0xa0, 0x0, 0x0, 0xf, 0xff, 0xf6,
    0xbf, 0xff, 0xa0, 0x0, 0x0, 0xf, 0xff, 0xf6,
    0xbf, 0xff, 0xa0, 0x0, 0x0, 0xf, 0xff, 0xf6,
    0xbf, 0xff, 0xa0, 0x0, 0x0, 0xf, 0xff, 0xf6,
    0xbf, 0xff, 0xa0, 0x0, 0x0, 0xf, 0xff, 0xf6,
    0xbf, 0xff, 0xa0, 0x0, 0x0, 0xf, 0xff, 0xf6,
    0xbf, 0xff, 0xa0, 0x0, 0x0, 0xf, 0xff, 0xf6,
    0xbf, 0xff, 0xa0, 0x0, 0x0, 0xf, 0xff, 0xf6,
    0xbf, 0xff, 0xa0, 0x0, 0x0, 0xf, 0xff, 0xf6,

    /* U+006F "o" */
    0x0, 0x0, 0x6, 0xbe, 0xff, 0xd9, 0x40, 0x0,
    0x0, 0x0, 0x4, 0xef, 0xff, 0xff, 0xff, 0xfb,
    0x10, 0x0, 0x0, 0x6f, 0xff, 0xff, 0xff, 0xff,
    0xff, 0xe2, 0x0, 0x3, 0xff, 0xff, 0xfd, 0x9a,
    0xef, 0xff, 0xfd, 0x0, 0xc, 0xff, 0xff, 0x60,
    0x0, 0xa, 0xff, 0xff, 0x70, 0x3f, 0xff, 0xf8,
    0x0, 0x0, 0x0, 0xdf, 0xff, 0xe0, 0x8f, 0xff,
    0xf1, 0x0, 0x0, 0x0, 0x6f, 0xff, 0xf2, 0xaf,
    0xff, 0xd0, 0x0, 0x0, 0x0, 0x2f, 0xff, 0xf5,
    0xbf, 0xff, 0xc0, 0x0, 0x0, 0x0, 0x2f, 0xff,
    0xf6, 0xaf, 0xff, 0xd0, 0x0, 0x0, 0x0, 0x3f,
    0xff, 0xf5, 0x8f, 0xff, 0xf1, 0x0, 0x0, 0x0,
    0x6f, 0xff, 0xf2, 0x4f, 0xff, 0xf8, 0x0, 0x0,
    0x0, 0xdf, 0xff, 0xe0, 0xd, 0xff, 0xff, 0x60,
    0x0, 0xa, 0xff, 0xff, 0x70, 0x4, 0xff, 0xff,
    0xfd, 0x9a, 0xef, 0xff, 0xfc, 0x0, 0x0, 0x7f,
    0xff, 0xff, 0xff, 0xff, 0xff, 0xe1, 0x0, 0x0,
    0x5, 0xef, 0xff, 0xff, 0xff, 0xfb, 0x10, 0x0,
    0x0, 0x0, 0x5, 0xbd, 0xff, 0xd9, 0x30, 0x0,
    0x0,

    /* U+0070 "p" */
    0xdf, 0xff, 0x40, 0x3a, 0xef, 0xea, 0x30, 0x0,
    0xd, 0xff, 0xf4, 0x9f, 0xff, 0xff, 0xff, 0x80,
    0x0, 0xdf, 0xff, 0xcf, 0xff, 0xff, 0xff, 0xff,
    0x80, 0xd, 0xff, 0xff, 0xfe, 0x98, 0xbf, 0xff,
    0xff, 0x30, 0xdf, 0xff, 0xfb, 0x0, 0x0, 0x6f,
    0xff, 0xfa, 0xd, 0xff, 0xff, 0x10, 0x0, 0x0,
    0xaf, 0xff, 0xf0, 0xdf, 0xff, 0xb0, 0x0, 0x0,
    0x5, 0xff, 0xff, 0x3d, 0xff, 0xf8, 0x0, 0x0,
    0x0, 0x2f, 0xff, 0xf4, 0xdf, 0xff, 0x80, 0x0,
    0x0, 0x1, 0xff, 0xff, 0x5d, 0xff, 0xf9, 0x0,
    0x0, 0x0, 0x2f, 0xff, 0xf4, 0xdf, 0xff, 0xc0,
    0x0, 0x0, 0x5, 0xff, 0xff, 0x2d, 0xff, 0xff,
    0x20, 0x0, 0x0, 0xaf, 0xff, 0xf0, 0xdf, 0xff,
    0xfd, 0x10, 0x0, 0x5f, 0xff, 0xfa, 0xd, 0xff,
    0xff, 0xff, 0x98, 0xbf, 0xff, 0xff, 0x30, 0xdf,
    0xff, 0xef, 0xff, 0xff, 0xff, 0xff, 0x70, 0xd,
    0xff, 0xf9, 0x7f, 0xff, 0xff, 0xff, 0x70, 0x0,
    0xdf, 0xff, 0x90, 0x3a, 0xef, 0xea, 0x30, 0x0,
    0xd, 0xff, 0xf9, 0x0, 0x0, 0x0, 0x0, 0x0,
    0x0, 0xdf, 0xff, 0x90, 0x0, 0x0, 0x0, 0x0,
    0x0, 0xd, 0xff, 0xf9, 0x0, 0x0, 0x0, 0x0,
    0x0, 0x0, 0xdf, 0xff, 0x90, 0x0, 0x0, 0x0,
    0x0, 0x0, 0xd, 0xff, 0xf9, 0x0, 0x0, 0x0,
    0x0, 0x0, 0x0, 0xdf, 0xff, 0x90, 0x0, 0x0,
    0x0, 0x0, 0x0, 0x0,

    /* U+0071 "q" */
    0x0, 0x0, 0x5b, 0xef, 0xea, 0x30, 0x8f, 0xff,
    0x80, 0x0, 0xbf, 0xff, 0xff, 0xff, 0x68, 0xff,
    0xf8, 0x0, 0xcf, 0xff, 0xff, 0xff, 0xff, 0xcf,
    0xff, 0x80, 0x7f, 0xff, 0xff, 0xa7, 0x9e, 0xff,
    0xff, 0xf8, 0xe, 0xff, 0xff, 0x30, 0x0, 0x1d,
    0xff, 0xff, 0x83, 0xff, 0xff, 0x70, 0x0, 0x0,
    0x4f, 0xff, 0xf8, 0x7f, 0xff, 0xf2, 0x0, 0x0,
    0x0, 0xef, 0xff, 0x88, 0xff, 0xff, 0x0, 0x0,
    0x0, 0xc, 0xff, 0xf8, 0x8f, 0xff, 0xe0, 0x0,
    0x0, 0x0, 0xbf, 0xff, 0x88, 0xff, 0xff, 0x0,
    0x0, 0x0, 0xc, 0xff, 0xf8, 0x6f, 0xff, 0xf1,
    0x0, 0x0, 0x0, 0xff, 0xff, 0x82, 0xff, 0xff,
    0x60, 0x0, 0x0, 0x6f, 0xff, 0xf8, 0xd, 0xff,
    0xfe, 0x20, 0x0, 0x3f, 0xff, 0xff, 0x80, 0x6f,
    0xff, 0xff, 0xa7, 0xaf, 0xff, 0xff, 0xf8, 0x0,
    0xbf, 0xff, 0xff, 0xff, 0xff, 0xff, 0xff, 0x80,
    0x0, 0xbf, 0xff, 0xff, 0xfe, 0x4d, 0xff, 0xf8,
    0x0, 0x0, 0x5b, 0xef, 0xd8, 0x10, 0xdf, 0xff,
    0x80, 0x0, 0x0, 0x0, 0x0, 0x0, 0xd, 0xff,
    0xf8, 0x0, 0x0, 0x0, 0x0, 0x0, 0x0, 0xdf,
    0xff, 0x80, 0x0, 0x0, 0x0, 0x0, 0x0, 0xd,
    0xff, 0xf8, 0x0, 0x0, 0x0, 0x0, 0x0, 0x0,
    0xdf, 0xff, 0x80, 0x0, 0x0, 0x0, 0x0, 0x0,
    0xd, 0xff, 0xf8, 0x0, 0x0, 0x0, 0x0, 0x0,
    0x0, 0xdf, 0xff, 0x80,

    /* U+0072 "r" */
    0xef, 0xff, 0x31, 0xaf, 0xfd, 0x7e, 0xff, 0xf4,
    0xef, 0xff, 0xf8, 0xef, 0xff, 0xdf, 0xff, 0xff,
    0x3e, 0xff, 0xff, 0xff, 0xff, 0xd0, 0xef, 0xff,
    0xfc, 0x20, 0x25, 0xe, 0xff, 0xff, 0x20, 0x0,
    0x0, 0xef, 0xff, 0xd0, 0x0, 0x0, 0xe, 0xff,
    0xfa, 0x0, 0x0, 0x0, 0xef, 0xff, 0x90, 0x0,
    0x0, 0xe, 0xff, 0xf8, 0x0, 0x0, 0x0, 0xef,
    0xff, 0x80, 0x0, 0x0, 0xe, 0xff, 0xf8, 0x0,
    0x0, 0x0, 0xef, 0xff, 0x80, 0x0, 0x0, 0xe,
    0xff, 0xf8, 0x0, 0x0, 0x0, 0xef, 0xff, 0x80,
    0x0, 0x0, 0xe, 0xff, 0xf8, 0x0, 0x0, 0x0,
    0xef, 0xff, 0x80, 0x0, 0x0, 0x0,

    /* U+0073 "s" */
    0x0, 0x0, 0x5a, 0xdf, 0xff, 0xda, 0x50, 0x0,
    0x0, 0x1, 0xdf, 0xff, 0xff, 0xff, 0xff, 0xc1,
    0x0, 0x0, 0xdf, 0xff, 0xff, 0xff, 0xff, 0xff,
    0xc0, 0x0, 0x6f, 0xff, 0xe6, 0x32, 0x4b, 0xff,
    0xff, 0x50, 0x9, 0xff, 0xf8, 0x0, 0x0, 0xb,
    0xec, 0x94, 0x0, 0x9f, 0xff, 0xe6, 0x10, 0x0,
    0x0, 0x0, 0x0, 0x5, 0xff, 0xff, 0xff, 0xd9,
    0x51, 0x0, 0x0, 0x0, 0xc, 0xff, 0xff, 0xff,
    0xff, 0xfc, 0x60, 0x0, 0x0, 0x1a, 0xff, 0xff,
    0xff, 0xff, 0xff, 0xd1, 0x0, 0x0, 0x2, 0x8d,
    0xff, 0xff, 0xff, 0xff, 0xb0, 0x0, 0x0, 0x0,
    0x1, 0x58, 0xdf, 0xff, 0xff, 0x10, 0x24, 0x79,
    0x30, 0x0, 0x0, 0x6f, 0xff, 0xf3, 0x1f, 0xff,
    0xfb, 0x0, 0x0, 0x4, 0xff, 0xff, 0x20, 0x9f,
    0xff, 0xfb, 0x53, 0x47, 0xef, 0xff, 0xc0, 0x1,
    0xdf, 0xff, 0xff, 0xff, 0xff, 0xff, 0xf3, 0x0,
    0x1, 0xbf, 0xff, 0xff, 0xff, 0xff, 0xe4, 0x0,
    0x0, 0x0, 0x49, 0xdf, 0xff, 0xeb, 0x60, 0x0,
    0x0,

    /* U+0074 "t" */
    0x0, 0x0, 0x1, 0x80, 0x0, 0x0, 0x0, 0x7,
    0xfe, 0x0, 0x0, 0x0, 0x3d, 0xff, 0xe0, 0x0,
    0x0, 0x8, 0xff, 0xfe, 0x0, 0x0, 0x0, 0x8f,
    0xff, 0xe0, 0x0, 0x0, 0x8, 0xff, 0xfe, 0x0,
    0x0, 0x8f, 0xff, 0xff, 0xff, 0xfe, 0x8, 0xff,
    0xff, 0xff, 0xff, 0xe0, 0x8f, 0xff, 0xff, 0xff,
    0xfe, 0x4, 0x8c, 0xff, 0xff, 0x88, 0x70, 0x0,
    0x8f, 0xff, 0xe0, 0x0, 0x0, 0x8, 0xff, 0xfe,
    0x0, 0x0, 0x0, 0x8f, 0xff, 0xe0, 0x0, 0x0,
    0x8, 0xff, 0xfe, 0x0, 0x0, 0x0, 0x8f, 0xff,
    0xe0, 0x0, 0x0, 0x8, 0xff, 0xfe, 0x0, 0x0,
    0x0, 0x8f, 0xff, 0xe0, 0x0, 0x0, 0x7, 0xff,
    0xfe, 0x0, 0x0, 0x0, 0x7f, 0xff, 0xf0, 0x0,
    0x0, 0x6, 0xff, 0xff, 0xdb, 0xe0, 0x0, 0x3f,
    0xff, 0xff, 0xff, 0x0, 0x0, 0xbf, 0xff, 0xff,
    0xf2, 0x0, 0x0, 0x8d, 0xff, 0xd9, 0x10,

    /* U+0075 "u" */
    0xcf, 0xff, 0x90, 0x0, 0x0, 0x1f, 0xff, 0xf4,
    0xcf, 0xff, 0x90, 0x0, 0x0, 0x1f, 0xff, 0xf4,
    0xcf, 0xff, 0x90, 0x0, 0x0, 0x1f, 0xff, 0xf4,
    0xcf, 0xff, 0x90, 0x0, 0x0, 0x1f, 0xff, 0xf4,
    0xcf, 0xff, 0x90, 0x0, 0x0, 0x1f, 0xff, 0xf4,
    0xcf, 0xff, 0x90, 0x0, 0x0, 0x1f, 0xff, 0xf4,
    0xcf, 0xff, 0x90, 0x0, 0x0, 0x1f, 0xff, 0xf4,
    0xcf, 0xff, 0x90, 0x0, 0x0, 0x1f, 0xff, 0xf4,
    0xcf, 0xff, 0x90, 0x0, 0x0, 0x1f, 0xff, 0xf4,
    0xcf, 0xff, 0x90, 0x0, 0x0, 0x2f, 0xff, 0xf4,
    0xcf, 0xff, 0xa0, 0x0, 0x0, 0x3f, 0xff, 0xf4,
    0xcf, 0xff, 0xc0, 0x0, 0x0, 0x7f, 0xff, 0xf4,
    0xaf, 0xff, 0xf2, 0x0, 0x2, 0xef, 0xff, 0xf4,
    0x7f, 0xff, 0xfe, 0x76, 0x9f, 0xff, 0xff, 0xf4,
    0x1e, 0xff, 0xff, 0xff, 0xff, 0xdd, 0xff, 0xf4,
    0x4, 0xff, 0xff, 0xff, 0xfc, 0x2c, 0xff, 0xf4,
    0x0, 0x29, 0xdf, 0xeb, 0x50, 0xc, 0xff, 0xf4,

    /* U+0076 "v" */
    0xaf, 0xff, 0xe0, 0x0, 0x0, 0x0, 0x4f, 0xff,
    0xf3, 0x3f, 0xff, 0xf5, 0x0, 0x0, 0x0, 0xaf,
    0xff, 0xd0, 0xd, 0xff, 0xfa, 0x0, 0x0, 0x0,
    0xff, 0xff, 0x60, 0x7, 0xff, 0xff, 0x10, 0x0,
    0x6, 0xff, 0xff, 0x10, 0x1, 0xff, 0xff, 0x60,
    0x0, 0xb, 0xff, 0xfa, 0x0, 0x0, 0xaf, 0xff,
    0xc0, 0x0, 0x1f, 0xff, 0xf4, 0x0, 0x0, 0x4f,
    0xff, 0xf1, 0x0, 0x7f, 0xff, 0xe0, 0x0, 0x0,
    0xd, 0xff, 0xf7, 0x0, 0xdf, 0xff, 0x70, 0x0,
    0x0, 0x7, 0xff, 0xfd, 0x3, 0xff, 0xff, 0x10,
    0x0, 0x0, 0x1, 0xff, 0xff, 0x28, 0xff, 0xfb,
    0x0, 0x0, 0x0, 0x0, 0xbf, 0xff, 0x7d, 0xff,
    0xf5, 0x0, 0x0, 0x0, 0x0, 0x4f, 0xff, 0xef,
    0xff, 0xe0, 0x0, 0x0, 0x0, 0x0, 0xe, 0xff,
    0xff, 0xff, 0x80, 0x0, 0x0, 0x0, 0x0, 0x8,
    0xff, 0xff, 0xff, 0x20, 0x0, 0x0, 0x0, 0x0,
    0x2, 0xff, 0xff, 0xfc, 0x0, 0x0, 0x0, 0x0,
    0x0, 0x0, 0xbf, 0xff, 0xf6, 0x0, 0x0, 0x0,
    0x0, 0x0, 0x0, 0x5f, 0xff, 0xf0, 0x0, 0x0,
    0x0,

    /* U+0077 "w" */
    0xbf, 0xff, 0x80, 0x0, 0x0, 0xcf, 0xff, 0xb0,
    0x0, 0x0, 0x9f, 0xff, 0xb6, 0xff, 0xfd, 0x0,
    0x0, 0xf, 0xff, 0xff, 0x0, 0x0, 0xe, 0xff,
    0xf6, 0x1f, 0xff, 0xf1, 0x0, 0x4, 0xff, 0xff,
    0xf3, 0x0, 0x2, 0xff, 0xff, 0x10, 0xcf, 0xff,
    0x60, 0x0, 0x8f, 0xff, 0xff, 0x70, 0x0, 0x7f,
    0xff, 0xc0, 0x7, 0xff, 0xfa, 0x0, 0xc, 0xff,
    0xff, 0xfb, 0x0, 0xb, 0xff, 0xf7, 0x0, 0x2f,
    0xff, 0xe0, 0x0, 0xff, 0xff, 0xff, 0xf0, 0x0,
    0xff, 0xff, 0x20, 0x0, 0xdf, 0xff, 0x30, 0x4f,
    0xff, 0xcf, 0xff, 0x30, 0x4f, 0xff, 0xd0, 0x0,
    0x8, 0xff, 0xf7, 0x8, 0xff, 0xf4, 0xff, 0xf7,
    0x9, 0xff, 0xf8, 0x0, 0x0, 0x3f, 0xff, 0xc0,
    0xcf, 0xfd, 0xe, 0xff, 0xb0, 0xdf, 0xff, 0x30,
    0x0, 0x0, 0xef, 0xff, 0x2f, 0xff, 0x90, 0xaf,
    0xff, 0x2f, 0xff, 0xe0, 0x0, 0x0, 0x9, 0xff,
    0xfa, 0xff, 0xf5, 0x5, 0xff, 0xfa, 0xff, 0xf9,
    0x0, 0x0, 0x0, 0x4f, 0xff, 0xff, 0xff, 0x10,
    0x1f, 0xff, 0xff, 0xff, 0x40, 0x0, 0x0, 0x0,
    0xff, 0xff, 0xff, 0xd0, 0x0, 0xdf, 0xff, 0xff,
    0xe0, 0x0, 0x0, 0x0, 0xb, 0xff, 0xff, 0xf8,
    0x0, 0x9, 0xff, 0xff, 0xfa, 0x0, 0x0, 0x0,
    0x0, 0x6f, 0xff, 0xff, 0x40, 0x0, 0x5f, 0xff,
    0xff, 0x50, 0x0, 0x0, 0x0, 0x1, 0xff, 0xff,
    0xf0, 0x0, 0x1, 0xff, 0xff, 0xf0, 0x0, 0x0,
    0x0, 0x0, 0xc, 0xff, 0xfc, 0x0, 0x0, 0xc,
    0xff, 0xfb, 0x0, 0x0, 0x0,

    /* U+0078 "x" */
    0x3f, 0xff, 0xff, 0x20, 0x0, 0x8, 0xff, 0xff,
    0xa0, 0x8, 0xff, 0xff, 0xb0, 0x0, 0x2f, 0xff,
    0xfe, 0x0, 0x0, 0xcf, 0xff, 0xf5, 0x0, 0xcf,
    0xff, 0xf3, 0x0, 0x0, 0x2f, 0xff, 0xfe, 0x17,
    0xff, 0xff, 0x80, 0x0, 0x0, 0x7, 0xff, 0xff,
    0xbf, 0xff, 0xfd, 0x0, 0x0, 0x0, 0x0, 0xbf,
    0xff, 0xff, 0xff, 0xf2, 0x0, 0x0, 0x0, 0x0,
    0x1e, 0xff, 0xff, 0xff, 0x70, 0x0, 0x0, 0x0,
    0x0, 0x5, 0xff, 0xff, 0xfb, 0x0, 0x0, 0x0,
    0x0, 0x0, 0x1, 0xff, 0xff, 0xfa, 0x0, 0x0,
    0x0, 0x0, 0x0, 0xa, 0xff, 0xff, 0xff, 0x50,
    0x0, 0x0, 0x0, 0x0, 0x5f, 0xff, 0xff, 0xff,
    0xe1, 0x0, 0x0, 0x0, 0x1, 0xff, 0xff, 0xff,
    0xff, 0xfb, 0x0, 0x0, 0x0, 0xb, 0xff, 0xff,
    0x4c, 0xff, 0xff, 0x60, 0x0, 0x0, 0x6f, 0xff,
    0xf9, 0x2, 0xff, 0xff, 0xf2, 0x0, 0x2, 0xff,
    0xff, 0xe0, 0x0, 0x7f, 0xff, 0xfc, 0x0, 0xc,
    0xff, 0xff, 0x40, 0x0, 0xd, 0xff, 0xff, 0x70,
    0x7f, 0xff, 0xfa, 0x0, 0x0, 0x3, 0xff, 0xff,
    0xf2,

    /* U+0079 "y" */
    0x9f, 0xff, 0xf1, 0x0, 0x0, 0x0, 0x6f, 0xff,
    0xf1, 0x3f, 0xff, 0xf6, 0x0, 0x0, 0x0, 0xcf,
    0xff, 0xb0, 0xd, 0xff, 0xfb, 0x0, 0x0, 0x1,
    0xff, 0xff, 0x50, 0x6, 0xff, 0xff, 0x10, 0x0,
    0x7, 0xff, 0xff, 0x0, 0x1, 0xff, 0xff, 0x60,
    0x0, 0xc, 0xff, 0xf9, 0x0, 0x0, 0xaf, 0xff,
    0xc0, 0x0, 0x1f, 0xff, 0xf3, 0x0, 0x0, 0x4f,
    0xff, 0xf1, 0x0, 0x7f, 0xff, 0xd0, 0x0, 0x0,
    0xe, 0xff, 0xf7, 0x0, 0xcf, 0xff, 0x70, 0x0,
    0x0, 0x8, 0xff, 0xfc, 0x1, 0xff, 0xff, 0x10,
    0x0, 0x0, 0x1, 0xff, 0xff, 0x27, 0xff, 0xfb,
    0x0, 0x0, 0x0, 0x0, 0xbf, 0xff, 0x7c, 0xff,
    0xf5, 0x0, 0x0, 0x0, 0x0, 0x5f, 0xff, 0xef,
    0xff, 0xf0, 0x0, 0x0, 0x0, 0x0, 0xe, 0xff,
    0xff, 0xff, 0xa0, 0x0, 0x0, 0x0, 0x0, 0x9,
    0xff, 0xff, 0xff, 0x40, 0x0, 0x0, 0x0, 0x0,
    0x3, 0xff, 0xff, 0xfe, 0x0, 0x0, 0x0, 0x0,
    0x0, 0x0, 0xcf, 0xff, 0xf8, 0x0, 0x0, 0x0,
    0x0, 0x0, 0x0, 0x9f, 0xff, 0xf2, 0x0, 0x0,
    0x0, 0x0, 0x0, 0x0, 0xef, 0xff, 0xc0, 0x0,
    0x0, 0x0, 0x0, 0x0, 0x9, 0xff, 0xff, 0x60,
    0x0, 0x0, 0x0, 0x7, 0x99, 0xcf, 0xff, 0xfe,
    0x0, 0x0, 0x0, 0x0, 0x9, 0xff, 0xff, 0xff,
    0xf6, 0x0, 0x0, 0x0, 0x0, 0x7, 0xff, 0xff,
    0xff, 0xa0, 0x0, 0x0, 0x0, 0x0, 0x4, 0xdf,
    0xfe, 0xb5, 0x0, 0x0, 0x0, 0x0, 0x0,

    /* U+007A "z" */
    0xd, 0xff, 0xff, 0xff, 0xff, 0xff, 0xff, 0xd0,
    0xd, 0xff, 0xff, 0xff, 0xff, 0xff, 0xff, 0xd0,
    0xd, 0xff, 0xff, 0xff, 0xff, 0xff, 0xff, 0xd0,
    0x8, 0x99, 0x99, 0x99, 0xaf, 0xff, 0xff, 0x80,
    0x0, 0x0, 0x0, 0x0, 0xcf, 0xff, 0xfa, 0x0,
    0x0, 0x0, 0x0, 0xa, 0xff, 0xff, 0xc0, 0x0,
    0x0, 0x0, 0x0, 0x8f, 0xff, 0xfe, 0x10, 0x0,
    0x0, 0x0, 0x5, 0xff, 0xff, 0xf3, 0x0, 0x0,
    0x0, 0x0, 0x3f, 0xff, 0xff, 0x50, 0x0, 0x0,
    0x0, 0x2, 0xef, 0xff, 0xf8, 0x0, 0x0, 0x0,
    0x0, 0xd, 0xff, 0xff, 0xa0, 0x0, 0x0, 0x0,
    0x0, 0xbf, 0xff, 0xfc, 0x0, 0x0, 0x0, 0x0,
    0x9, 0xff, 0xff, 0xd1, 0x0, 0x0, 0x0, 0x0,
    0x5f, 0xff, 0xff, 0xdc, 0xcc, 0xcc, 0xcc, 0xc4,
    0x7f, 0xff, 0xff, 0xff, 0xff, 0xff, 0xff, 0xf5,
    0x7f, 0xff, 0xff, 0xff, 0xff, 0xff, 0xff, 0xf5,
    0x7f, 0xff, 0xff, 0xff, 0xff, 0xff, 0xff, 0xf5,

    /* U+007B "{" */
    0x0, 0x0, 0x0, 0x3a, 0xdf, 0xfa, 0x0, 0x0,
    0x7, 0xff, 0xff, 0xfa, 0x0, 0x0, 0x2f, 0xff,
    0xff, 0xfa, 0x0, 0x0, 0x6f, 0xff, 0xfe, 0xc7,
    0x0, 0x0, 0x8f, 0xff, 0xb0, 0x0, 0x0, 0x0,
    0x9f, 0xff, 0x70, 0x0, 0x0, 0x0, 0xaf, 0xff,
    0x60, 0x0, 0x0, 0x0, 0xaf, 0xff, 0x50, 0x0,
    0x0, 0x0, 0xaf, 0xff, 0x50, 0x0, 0x0, 0x0,
    0xdf, 0xff, 0x30, 0x0, 0x0, 0x2, 0xff, 0xff,
    0x10, 0x0, 0x0, 0x3d, 0xff, 0xfc, 0x0, 0x0,
    0x1f, 0xff, 0xff, 0xf3, 0x0, 0x0, 0x1f, 0xff,
    0xfe, 0x30, 0x0, 0x0, 0x1f, 0xff, 0xff, 0x50,
    0x0, 0x0, 0xe, 0xff, 0xff, 0xf3, 0x0, 0x0,
    0x0, 0x2c, 0xff, 0xfb, 0x0, 0x0, 0x0, 0x2,
    0xff, 0xff, 0x0, 0x0, 0x0, 0x0, 0xdf, 0xff,
    0x30, 0x0, 0x0, 0x0, 0xbf, 0xff, 0x40, 0x0,
    0x0, 0x0, 0xaf, 0xff, 0x50, 0x0, 0x0, 0x0,
    0xaf, 0xff, 0x60, 0x0, 0x0, 0x0, 0xaf, 0xff,
    0x60, 0x0, 0x0, 0x0, 0x9f, 0xff, 0x70, 0x0,
    0x0, 0x0, 0x8f, 0xff, 0xc0, 0x0, 0x0, 0x0,
    0x6f, 0xff, 0xff, 0xc7, 0x0, 0x0, 0x1f, 0xff,
    0xff, 0xfa, 0x0, 0x0, 0x5, 0xff, 0xff, 0xfa,
    0x0, 0x0, 0x0, 0x29, 0xdf, 0xfa,

    /* U+007C "|" */
    0x4f, 0xff, 0x34, 0xff, 0xf3, 0x4f, 0xff, 0x34,
    0xff, 0xf3, 0x4f, 0xff, 0x34, 0xff, 0xf3, 0x4f,
    0xff, 0x34, 0xff, 0xf3, 0x4f, 0xff, 0x34, 0xff,
    0xf3, 0x4f, 0xff, 0x34, 0xff, 0xf3, 0x4f, 0xff,
    0x34, 0xff, 0xf3, 0x4f, 0xff, 0x34, 0xff, 0xf3,
    0x4f, 0xff, 0x34, 0xff, 0xf3, 0x4f, 0xff, 0x34,
    0xff, 0xf3, 0x4f, 0xff, 0x34, 0xff, 0xf3, 0x4f,
    0xff, 0x34, 0xff, 0xf3, 0x4f, 0xff, 0x34, 0xff,
    0xf3, 0x4f, 0xff, 0x34, 0xff, 0xf3, 0x4f, 0xff,
    0x30,

    /* U+007D "}" */
    0x4f, 0xfe, 0xb6, 0x0, 0x0, 0x0, 0x4f, 0xff,
    0xff, 0xb0, 0x0, 0x0, 0x4f, 0xff, 0xff, 0xf6,
    0x0, 0x0, 0x3c, 0xdf, 0xff, 0xfc, 0x0, 0x0,
    0x0, 0x6, 0xff, 0xfe, 0x0, 0x0, 0x0, 0x2,
    0xff, 0xff, 0x0, 0x0, 0x0, 0x1, 0xff, 0xff,
    0x0, 0x0, 0x0, 0x0, 0xff, 0xff, 0x0, 0x0,
    0x0, 0x0, 0xff, 0xff, 0x0, 0x0, 0x0, 0x0,
    0xff, 0xff, 0x20, 0x0, 0x0, 0x0, 0xcf, 0xff,
    0x70, 0x0, 0x0, 0x0, 0x7f, 0xff, 0xf6, 0x10,
    0x0, 0x0, 0xd, 0xff, 0xff, 0xf6, 0x0, 0x0,
    0x1, 0xbf, 0xff, 0xf6, 0x0, 0x0, 0x2, 0xdf,
    0xff, 0xf6, 0x0, 0x0, 0xd, 0xff, 0xff, 0xe5,
    0x0, 0x0, 0x6f, 0xff, 0xf3, 0x0, 0x0, 0x0,
    0xbf, 0xff, 0x70, 0x0, 0x0, 0x0, 0xef, 0xff,
    0x20, 0x0, 0x0, 0x0, 0xff, 0xff, 0x0, 0x0,
    0x0, 0x0, 0xff, 0xff, 0x0, 0x0, 0x0, 0x0,
    0xff, 0xff, 0x0, 0x0, 0x0, 0x1, 0xff, 0xff,
    0x0, 0x0, 0x0, 0x2, 0xff, 0xfe, 0x0, 0x0,
    0x0, 0x7, 0xff, 0xfd, 0x0, 0x0, 0x3c, 0xef,
    0xff, 0xfb, 0x0, 0x0, 0x4f, 0xff, 0xff, 0xf5,
    0x0, 0x0, 0x4f, 0xff, 0xff, 0xa0, 0x0, 0x0,
    0x4f, 0xfe, 0xb5, 0x0, 0x0, 0x0,

    /* U+007E "~" */
    0x0, 0x0, 0x0, 0x0, 0x0, 0x0, 0x0, 0x0,
    0x0, 0x2a, 0xef, 0xfd, 0x83, 0x0, 0x0, 0x0,
    0x38, 0x6f, 0xff, 0xff, 0xff, 0xfd, 0x72, 0x13,
    0xaf, 0xaf, 0xff, 0xff, 0xff, 0xff, 0xff, 0xff,
    0xff, 0xfa, 0xff, 0xff, 0xff, 0xff, 0xff, 0xff,
    0xff, 0xff, 0xaf, 0xd6, 0x10, 0x26, 0xcf, 0xff,
    0xff, 0xff, 0xd3, 0x90, 0x0, 0x0, 0x0, 0x28,
    0xdf, 0xfc, 0x60, 0x0, 0x0, 0x0, 0x0, 0x0,
    0x0, 0x0, 0x0, 0x0,

    /* U+00B0 "°" */
    0x0, 0x2a, 0xef, 0xd7, 0x0, 0x0, 0x3f, 0xff,
    0xff, 0xfc, 0x0, 0xe, 0xff, 0xca, 0xef, 0xf9,
    0x6, 0xff, 0x80, 0x1, 0xdf, 0xf1, 0x9f, 0xf0,
    0x0, 0x6, 0xff, 0x49, 0xff, 0x0, 0x0, 0x6f,
    0xf4, 0x6f, 0xf8, 0x0, 0xd, 0xff, 0x10, 0xef,
    0xfc, 0xae, 0xff, 0xa0, 0x4, 0xff, 0xff, 0xff,
    0xc0, 0x0, 0x2, 0xae, 0xfd, 0x70, 0x0,

    /* U+2103 "℃" */
    0x0, 0x0, 0x0, 0x0, 0x0, 0x0, 0x0, 0x0,
    0x0, 0x0, 0x0, 0x0, 0x0, 0x0, 0x8, 0xee,
    0xb1, 0x0, 0x0, 0x0, 0x0, 0x0, 0x0, 0x0,
    0x0, 0x0, 0x0, 0x0, 0x8b, 0x10, 0x8b, 0x0,
    0x0, 0x0, 0x0, 0x0, 0x0, 0x0, 0x0, 0x0,
    0x0, 0x0, 0xd2, 0x0, 0xe, 0x20, 0x0, 0x0,
    0x0, 0x0, 0x1, 0x10, 0x0, 0x0, 0x0, 0x0,
    0xc4, 0x0, 0xe, 0x20, 0x0, 0x0, 0x1, 0x8d,
    0xff, 0xff, 0xb7, 0x10, 0x0, 0x0, 0x7d, 0x31,
    0xab, 0x0, 0x0, 0x0, 0x7f, 0xff, 0xff, 0xff,
    0xff, 0xf7, 0x0, 0x0, 0x8, 0xef, 0xa1, 0x0,
    0x0, 0xb, 0xff, 0xfb, 0x86, 0x78, 0xcf, 0xff,
    0xa0, 0x0, 0x0, 0x0, 0x0, 0x0, 0x0, 0xaf,
    0xf9, 0x10, 0x0, 0x0, 0x3, 0xdf, 0xf8, 0x0,
    0x0, 0x0, 0x0, 0x0, 0x6, 0xff, 0x70, 0x0,
    0x0, 0x0, 0x0, 0x1e, 0xff, 0x10, 0x0, 0x0,
    0x0, 0x0, 0xe, 0xfa, 0x0, 0x0, 0x0, 0x0,
    0x0, 0x4, 0xff, 0x80, 0x0, 0x0, 0x0, 0x0,
    0x5f, 0xf2, 0x0, 0x0, 0x0, 0x0, 0x0, 0x0,
    0x95, 0x0, 0x0, 0x0, 0x0, 0x0, 0xaf, 0xb0,
    0x0, 0x0, 0x0, 0x0, 0x0, 0x0, 0x0, 0x0,
    0x0, 0x0, 0x0, 0x0, 0xef, 0x70, 0x0, 0x0,
    0x0, 0x0, 0x0, 0x0, 0x0, 0x0, 0x0, 0x0,
    0x0, 0x1, 0xff, 0x40, 0x0, 0x0, 0x0, 0x0,
    0x0, 0x0, 0x0, 0x0, 0x0, 0x0, 0x0, 0x3,
    0xff, 0x20, 0x0, 0x0, 0x0, 0x0, 0x0, 0x0,
    0x0, 0x0, 0x0, 0x0, 0x0, 0x4, 0xff, 0x10,
    0x0, 0x0, 0x0, 0x0, 0x0, 0x0, 0x0, 0x0,
    0x0, 0x0, 0x0, 0x4, 0xff, 0x20, 0x0, 0x0,
    0x0, 0x0, 0x0, 0x0, 0x0, 0x0, 0x0, 0x0,
    0x0, 0x2, 0xff, 0x40, 0x0, 0x0, 0x0, 0x0,
    0x0, 0x0, 0x0, 0x0, 0x0, 0x0, 0x0, 0x0,
    0xff, 0x80, 0x0, 0x0, 0x0, 0x0, 0x0, 0x0,
    0x15, 0x20, 0x0, 0x0, 0x0, 0x0, 0xcf, 0xd0,
    0x0, 0x0, 0x0, 0x0, 0x0, 0x0, 0x9f, 0xf2,
    0x0, 0x0, 0x0, 0x0, 0x7f, 0xf5, 0x0, 0x0,
    0x0, 0x0, 0x0, 0x3, 0xff, 0xa0, 0x0, 0x0,
    0x0, 0x0, 0x1f, 0xfe, 0x20, 0x0, 0x0, 0x0,
    0x0, 0x1d, 0xff, 0x20, 0x0, 0x0, 0x0, 0x0,
    0x7, 0xff, 0xe3, 0x0, 0x0, 0x0, 0x2, 0xdf,
    0xf7, 0x0, 0x0, 0x0, 0x0, 0x0, 0x0, 0xaf,
    0xff, 0xa3, 0x0, 0x2, 0x8f, 0xff, 0x90, 0x0,
    0x0, 0x0, 0x0, 0x0, 0x0, 0x8, 0xff, 0xff,
    0xff, 0xff, 0xff, 0xf8, 0x0, 0x0, 0x0, 0x0,
    0x0, 0x0, 0x0, 0x0, 0x29, 0xef, 0xff, 0xff,
    0xfa, 0x30, 0x0, 0x0, 0x0, 0x0, 0x0, 0x0,
    0x0, 0x0, 0x0, 0x3, 0x66, 0x54, 0x0, 0x0,
    0x0, 0x0
};


/*---------------------
 *  字形描述
 *--------------------*/

static const lv_font_fmt_txt_glyph_dsc_t glyph_dsc[] = {
    {.bitmap_index = 0, .adv_w = 0, .box_w = 0, .box_h = 0, .ofs_x = 0, .ofs_y = 0} /* id = 0 reserved */,
    {.bitmap_index = 0, .adv_w = 142, .box_w = 0, .box_h = 0, .ofs_x = 0, .ofs_y = 0},
    {.bitmap_index = 0, .adv_w = 171, .box_w = 6, .box_h = 23, .ofs_x = 2, .ofs_y = 0},
    {.bitmap_index = 69, .adv_w = 243, .box_w = 13, .box_h = 9, .ofs_x = 1, .ofs_y = 14},
    {.bitmap_index = 128, .adv_w = 285, .box_w = 18, .box_h = 23, .ofs_x = 0, .ofs_y = 0},
    {.bitmap_index = 335, .adv_w = 285, .box_w = 16, .box_h = 28, .ofs_x = 1, .ofs_y = -3},
    {.bitmap_index = 559, .adv_w = 455, .box_w = 26, .box_h = 23, .ofs_x = 1, .ofs_y = 0},
    {.bitmap_index = 858, .adv_w = 370, .box_w = 22, .box_h = 24, .ofs_x = 1, .ofs_y = -1},
    {.bitmap_index = 1122, .adv_w = 122, .box_w = 6, .box_h = 9, .ofs_x = 1, .ofs_y = 14},
    {.bitmap_index = 1149, .adv_w = 171, .box_w = 9, .box_h = 29, .ofs_x = 1, .ofs_y = -6},
    {.bitmap_index = 1280, .adv_w = 171, .box_w = 8, .box_h = 29, .ofs_x = 1, .ofs_y = -6},
    {.bitmap_index = 1396, .adv_w = 199, .box_w = 12, .box_h = 11, .ofs_x = 0, .ofs_y = 12},
    {.bitmap_index = 1462, .adv_w = 299, .box_w = 17, .box_h = 17, .ofs_x = 1, .ofs_y = 3},
    {.bitmap_index = 1607, .adv_w = 142, .box_w = 6, .box_h = 11, .ofs_x = 1, .ofs_y = -6},
    {.bitmap_index = 1640, .adv_w = 171, .box_w = 10, .box_h = 5, .ofs_x = 1, .ofs_y = 6},
    {.bitmap_index = 1665, .adv_w = 142, .box_w = 5, .box_h = 5, .ofs_x = 2, .ofs_y = 0},
    {.bitmap_index = 1678, .adv_w = 142, .box_w = 10, .box_h = 23, .ofs_x = -1, .ofs_y = 0},
    {.bitmap_index = 1793, .adv_w = 285, .box_w = 16, .box_h = 23, .ofs_x = 1, .ofs_y = 0},
    {.bitmap_index = 1977, .adv_w = 285, .box_w = 11, .box_h = 23, .ofs_x = 2, .ofs_y = 0},
    {.bitmap_index = 2104, .adv_w = 285, .box_w = 17, .box_h = 23, .ofs_x = 0, .ofs_y = 0},
    {.bitmap_index = 2300, .adv_w = 285, .box_w = 16, .box_h = 23, .ofs_x = 1, .ofs_y = 0},
    {.bitmap_index = 2484, .adv_w = 285, .box_w = 18, .box_h = 23, .ofs_x = 0, .ofs_y = 0},
    {.bitmap_index = 2691, .adv_w = 285, .box_w = 16, .box_h = 23, .ofs_x = 1, .ofs_y = 0},
    {.bitmap_index = 2875, .adv_w = 285, .box_w = 16, .box_h = 23, .ofs_x = 1, .ofs_y = 0},
    {.bitmap_index = 3059, .adv_w = 285, .box_w = 16, .box_h = 23, .ofs_x = 1, .ofs_y = 0},
    {.bitmap_index = 3243, .adv_w = 285, .box_w = 16, .box_h = 23, .ofs_x = 1, .ofs_y = 0},
    {.bitmap_index = 3427, .adv_w = 285, .box_w = 16, .box_h = 23, .ofs_x = 1, .ofs_y = 0},
    {.bitmap_index = 3611, .adv_w = 171, .box_w = 5, .box_h = 17, .ofs_x = 3, .ofs_y = 0},
    {.bitmap_index = 3654, .adv_w = 171, .box_w = 6, .box_h = 23, .ofs_x = 2, .ofs_y = -6},
    {.bitmap_index = 3723, .adv_w = 299, .box_w = 17, .box_h = 19, .ofs_x = 1, .ofs_y = 2},
    {.bitmap_index = 3885, .adv_w = 299, .box_w = 17, .box_h = 11, .ofs_x = 1, .ofs_y = 6},
    {.bitmap_index = 3979, .adv_w = 299, .box_w = 17, .box_h = 19, .ofs_x = 1, .ofs_y = 2},
    {.bitmap_index = 4141, .adv_w = 313, .box_w = 18, .box_h = 23, .ofs_x = 1, .ofs_y = 0},
    {.bitmap_index = 4348, .adv_w = 499, .box_w = 32, .box_h = 29, .ofs_x = 0, .ofs_y = -6},
    {.bitmap_index = 4812, .adv_w = 370, .box_w = 23, .box_h = 23, .ofs_x = 0, .ofs_y = 0},
    {.bitmap_index = 5077, .adv_w = 370, .box_w = 20, .box_h = 23, .ofs_x = 2, .ofs_y = 0},
    {.bitmap_index = 5307, .adv_w = 370, .box_w = 21, .box_h = 23, .ofs_x = 1, .ofs_y = 0},
    {.bitmap_index = 5549, .adv_w = 370, .box_w = 20, .box_h = 23, .ofs_x = 2, .ofs_y = 0},
    {.bitmap_index = 5779, .adv_w = 342, .box_w = 18, .box_h = 23, .ofs_x = 2, .ofs_y = 0},
    {.bitmap_index = 5986, .adv_w = 313, .box_w = 17, .box_h = 23, .ofs_x = 2, .ofs_y = 0},
    {.bitmap_index = 6182, .adv_w = 398, .box_w = 22, .box_h = 23, .ofs_x = 1, .ofs_y = 0},
    {.bitmap_index = 6435, .adv_w = 370, .box_w = 19, .box_h = 23, .ofs_x = 2, .ofs_y = 0},
    {.bitmap_index = 6654, .adv_w = 142, .box_w = 5, .box_h = 23, .ofs_x = 2, .ofs_y = 0},
    {.bitmap_index = 6712, .adv_w = 285, .box_w = 16, .box_h = 23, .ofs_x = 0, .ofs_y = 0},
    {.bitmap_index = 6896, .adv_w = 370, .box_w = 22, .box_h = 23, .ofs_x = 2, .ofs_y = 0},
    {.bitmap_index = 7149, .adv_w = 313, .box_w = 17, .box_h = 23, .ofs_x = 2, .ofs_y = 0},
    {.bitmap_index = 7345, .adv_w = 427, .box_w = 23, .box_h = 23, .ofs_x = 2, .ofs_y = 0},
    {.bitmap_index = 7610, .adv_w = 370, .box_w = 19, .box_h = 23, .ofs_x = 2, .ofs_y = 0},
    {.bitmap_index = 7829, .adv_w = 398, .box_w = 23, .box_h = 23, .ofs_x = 1, .ofs_y = 0},
    {.bitmap_index = 8094, .adv_w = 342, .box_w = 18, .box_h = 23, .ofs_x = 2, .ofs_y = 0},
    {.bitmap_index = 8301, .adv_w = 398, .box_w = 24, .box_h = 25, .ofs_x = 1, .ofs_y = -2},
    {.bitmap_index = 8601, .adv_w = 370, .box_w = 21, .box_h = 23, .ofs_x = 2, .ofs_y = 0},
    {.bitmap_index = 8843, .adv_w = 342, .box_w = 19, .box_h = 23, .ofs_x = 1, .ofs_y = 0},
    {.bitmap_index = 9062, .adv_w = 313, .box_w = 19, .box_h = 23, .ofs_x = 0, .ofs_y = 0},
    {.bitmap_index = 9281, .adv_w = 370, .box_w = 19, .box_h = 23, .ofs_x = 2, .ofs_y = 0},
    {.bitmap_index = 9500, .adv_w = 342, .box_w = 23, .box_h = 23, .ofs_x = -1, .ofs_y = 0},
    {.bitmap_index = 9765, .adv_w = 483, .box_w = 31, .box_h = 23, .ofs_x = 0, .ofs_y = 0},
    {.bitmap_index = 10122, .adv_w = 342, .box_w = 22, .box_h = 23, .ofs_x = 0, .ofs_y = 0},
    {.bitmap_index = 10375, .adv_w = 342, .box_w = 23, .box_h = 23, .ofs_x = -1, .ofs_y = 0},
    {.bitmap_index = 10640, .adv_w = 313, .box_w = 19, .box_h = 23, .ofs_x = 0, .ofs_y = 0},
    {.bitmap_index = 10859, .adv_w = 171, .box_w = 9, .box_h = 29, .ofs_x = 2, .ofs_y = -6},
    {.bitmap_index = 10990, .adv_w = 142, .box_w = 10, .box_h = 23, .ofs_x = -1, .ofs_y = 0},
    {.bitmap_index = 11105, .adv_w = 171, .box_w = 9, .box_h = 29, .ofs_x = 0, .ofs_y = -6},
    {.bitmap_index = 11236, .adv_w = 299, .box_w = 16, .box_h = 13, .ofs_x = 1, .ofs_y = 11},
    {.bitmap_index = 11340, .adv_w = 285, .box_w = 19, .box_h = 3, .ofs_x = -1, .ofs_y = -6},
    {.bitmap_index = 11369, .adv_w = 171, .box_w = 8, .box_h = 5, .ofs_x = 0, .ofs_y = 19},
    {.bitmap_index = 11389, .adv_w = 285, .box_w = 16, .box_h = 17, .ofs_x = 1, .ofs_y = 0},
    {.bitmap_index = 11525, .adv_w = 313, .box_w = 17, .box_h = 23, .ofs_x = 2, .ofs_y = 0},
    {.bitmap_index = 11721, .adv_w = 285, .box_w = 16, .box_h = 17, .ofs_x = 1, .ofs_y = 0},
    {.bitmap_index = 11857, .adv_w = 313, .box_w = 17, .box_h = 23, .ofs_x = 1, .ofs_y = 0},
    {.bitmap_index = 12053, .adv_w = 285, .box_w = 16, .box_h = 17, .ofs_x = 1, .ofs_y = 0},
    {.bitmap_index = 12189, .adv_w = 171, .box_w = 12, .box_h = 23, .ofs_x = 0, .ofs_y = 0},
    {.bitmap_index = 12327, .adv_w = 313, .box_w = 17, .box_h = 23, .ofs_x = 1, .ofs_y = -6},
    {.bitmap_index = 12523, .adv_w = 313, .box_w = 16, .box_h = 23, .ofs_x = 2, .ofs_y = 0},
    {.bitmap_index = 12707, .adv_w = 142, .box_w = 5, .box_h = 23, .ofs_x = 2, .ofs_y = 0},
    {.bitmap_index = 12765, .adv_w = 142, .box_w = 9, .box_h = 29, .ofs_x = -2, .ofs_y = -6},
    {.bitmap_index = 12896, .adv_w = 285, .box_w = 16, .box_h = 23, .ofs_x = 2, .ofs_y = 0},
    {.bitmap_index = 13080, .adv_w = 142, .box_w = 5, .box_h = 23, .ofs_x = 2, .ofs_y = 0},
    {.bitmap_index = 13138, .adv_w = 455, .box_w = 26, .box_h = 17, .ofs_x = 1, .ofs_y = 0},
    {.bitmap_index = 13359, .adv_w = 313, .box_w = 16, .box_h = 17, .ofs_x = 2, .ofs_y = 0},
    {.bitmap_index = 13495, .adv_w = 313, .box_w = 18, .box_h = 17, .ofs_x = 1, .ofs_y = 0},
    {.bitmap_index = 13648, .adv_w = 313, .box_w = 17, .box_h = 23, .ofs_x = 2, .ofs_y = -6},
    {.bitmap_index = 13844, .adv_w = 313, .box_w = 17, .box_h = 23, .ofs_x = 1, .ofs_y = -6},
    {.bitmap_index = 14040, .adv_w = 199, .box_w = 11, .box_h = 17, .ofs_x = 2, .ofs_y = 0},
    {.bitmap_index = 14134, .adv_w = 285, .box_w = 17, .box_h = 17, .ofs_x = 0, .ofs_y = 0},
    {.bitmap_index = 14279, .adv_w = 171, .box_w = 11, .box_h = 23, .ofs_x = 0, .ofs_y = 0},
    {.bitmap_index = 14406, .adv_w = 313, .box_w = 16, .box_h = 17, .ofs_x = 2, .ofs_y = 0},
    {.bitmap_index = 14542, .adv_w = 285, .box_w = 18, .box_h = 17, .ofs_x = 0, .ofs_y = 0},
    {.bitmap_index = 14695, .adv_w = 398, .box_w = 25, .box_h = 17, .ofs_x = 0, .ofs_y = 0},
    {.bitmap_index = 14908, .adv_w = 285, .box_w = 18, .box_h = 17, .ofs_x = 0, .ofs_y = 0},
    {.bitmap_index = 15061, .adv_w = 285, .box_w = 18, .box_h = 23, .ofs_x = 0, .ofs_y = -6},
    {.bitmap_index = 15268, .adv_w = 256, .box_w = 16, .box_h = 17, .ofs_x = 0, .ofs_y = 0},
    {.bitmap_index = 15404, .adv_w = 199, .box_w = 12, .box_h = 29, .ofs_x = 0, .ofs_y = -6},
    {.bitmap_index = 15578, .adv_w = 143, .box_w = 5, .box_h = 29, .ofs_x = 2, .ofs_y = -6},
    {.bitmap_index = 15651, .adv_w = 199, .box_w = 12, .box_h = 29, .ofs_x = 0, .ofs_y = -6},
    {.bitmap_index = 15825, .adv_w = 299, .box_w = 17, .box_h = 8, .ofs_x = 1, .ofs_y = 7},
    {.bitmap_index = 15893, .adv_w = 205, .box_w = 11, .box_h = 10, .ofs_x = 1, .ofs_y = 13},
    {.bitmap_index = 15948, .adv_w = 512, .box_w = 28, .box_h = 27, .ofs_x = 2, .ofs_y = -1}
};

/*---------------------
 *  字符映射
 *--------------------*/

static const uint16_t unicode_list_1[] = {
    0x0, 0x2053
};

/*收集 unicode 列表和 glyph_id 偏移*/
static const lv_font_fmt_txt_cmap_t cmaps[] =
{
    {
        .range_start = 32, .range_length = 95, .glyph_id_start = 1,
        .unicode_list = NULL, .glyph_id_ofs_list = NULL, .list_length = 0, .type = LV_FONT_FMT_TXT_CMAP_FORMAT0_TINY
    },
    {
        .range_start = 176, .range_length = 8276, .glyph_id_start = 96,
        .unicode_list = unicode_list_1, .glyph_id_ofs_list = NULL, .list_length = 2, .type = LV_FONT_FMT_TXT_CMAP_SPARSE_TINY
    }
};



/*--------------------
 *  全部自定义数据
 *--------------------*/

#if LVGL_VERSION_MAJOR == 8
/*存储字体的全部自定义数据*/
static  lv_font_fmt_txt_glyph_cache_t cache;
#endif

#if LVGL_VERSION_MAJOR >= 8
static const lv_font_fmt_txt_dsc_t font_dsc = {
#else
static lv_font_fmt_txt_dsc_t font_dsc = {
#endif
    .glyph_bitmap = glyph_bitmap,
    .glyph_dsc = glyph_dsc,
    .cmaps = cmaps,
    .kern_dsc = NULL,
    .kern_scale = 0,
    .cmap_num = 2,
    .bpp = 4,
    .kern_classes = 0,
    .bitmap_format = 0,
#if LVGL_VERSION_MAJOR == 8
    .cache = &cache
#endif
};



/*-----------------
 *  公共字体
 *----------------*/

/*初始化公共字体描述符*/
#if LVGL_VERSION_MAJOR >= 8
const lv_font_t font_num_32 = {
#else
lv_font_t font_num_32 = {
#endif
    .get_glyph_dsc = lv_font_get_glyph_dsc_fmt_txt,    /*Function pointer to get glyph's data*/
    .get_glyph_bitmap = lv_font_get_bitmap_fmt_txt,    /*Function pointer to get glyph's bitmap*/
    .line_height = 32,          /*The maximum line height required by the font*/
    .base_line = 6,             /*Baseline measured from the bottom of the line*/
#if !(LVGL_VERSION_MAJOR == 6 && LVGL_VERSION_MINOR == 0)
    .subpx = LV_FONT_SUBPX_NONE,
#endif
#if LV_VERSION_CHECK(7, 4, 0) || LVGL_VERSION_MAJOR >= 8
    .underline_position = -3,
    .underline_thickness = 3,
#endif
    .dsc = &font_dsc,          /*The custom font data. Will be accessed by `get_glyph_bitmap/dsc` */
#if LV_VERSION_CHECK(8, 2, 0) || LVGL_VERSION_MAJOR >= 9
    .fallback = NULL,
#endif
    .user_data = NULL,
};



#endif /*#if FONT_NUM_32*/

